时间,排名,标题,热度
2023-03-26 07:04:12,1,赵灵儿李逍遥的十年之约,728378
2023-03-26 07:04:12,2,微博之夜合照,622544
2023-03-26 07:04:12,3,读懂中国式现代化,572738
2023-03-26 07:04:12,4,刘亦菲微博Queen,532797
2023-03-26 07:04:12,5,李现扶完迪丽热巴扶杨紫,444761
2023-03-26 07:04:12,6,因航班延误缺考复试考研生崩溃大哭,402067
2023-03-26 07:04:12,7,杨幂刘诗诗牵手上台,360641
2023-03-26 07:04:12,8,哈尔滨一居民小区内发生爆炸,199958
2023-03-26 07:04:12,9,离职最后一天还被安排工作,159485
2023-03-26 07:04:12,10,当事人回应因航班延误缺考研究生复试,139437
2023-03-26 07:04:12,11,胡歌微博King,124581
2023-03-26 07:04:12,12,微博之夜百花齐放,123291
2023-03-26 07:04:12,13,苏州医生在湖南培训顺手救人,109403
2023-03-26 07:04:12,14,公司女更衣室装监控近十年,106689
2023-03-26 07:04:12,15,蔡徐坤扔墨镜,105853
2023-03-26 07:04:12,16,微博之夜,104264
2023-03-26 07:04:12,17,谷爱凌好可爱,102503
2023-03-26 07:04:12,18,邓超激动得像是买票进场的,99779
2023-03-26 07:04:12,19,住杭州豪宅的人每天多工作38分钟,91199
2023-03-26 07:04:12,20,突然收到高中同学的一封邮件,61667
2023-03-26 07:04:12,21,关晓彤 下班跑得快已到机场,61552
2023-03-26 07:04:12,22,肖战ES高定,61475
2023-03-26 07:04:12,23,女子取钱后账户却莫名进账,61471
2023-03-26 07:04:12,24,警方通报女子遭多名男子殴打,61391
2023-03-26 07:04:12,25,这在传单界都是难以拒绝的,61330
2023-03-26 07:04:12,26,王鹤棣虞书欣白鹿修罗场,61202
2023-03-26 07:04:12,27,张译包场张颂文的新电影,60979
2023-03-26 07:04:12,28,毛不易演唱会,60866
2023-03-26 07:04:12,29,大学最后悔学的专业是什么,60795
2023-03-26 07:04:12,30,wink状态,60620
2023-03-26 07:04:12,31,仙剑一仙剑三剧粉都圆满了,60435
2023-03-26 07:04:12,32,微博之夜世纪同框,60347
2023-03-26 07:04:12,33,笑容逐渐消失的狗子,60140
2023-03-26 07:04:12,34,微博之夜我圆满了,60100
2023-03-26 07:04:12,35,黄蜂战胜独行侠,59931
2023-03-26 07:04:12,36,TF家族和你一起去做的第十九件事,59714
2023-03-26 07:04:12,37,郑容和当林俊杰演唱会嘉宾,59704
2023-03-26 07:04:12,38,领克08,55945
2023-03-26 07:04:12,39,王一博钻石胸针,55492
2023-03-26 07:04:12,40,内蒙古省考,55064
2023-03-26 07:04:12,41,李宇春微博影响力音乐人,54841
2023-03-26 07:04:12,42,张大大以主持人身份加盟剧好听的歌,54745
2023-03-26 07:04:12,43,痛仰 深圳,54563
2023-03-26 07:04:12,44,坠落,54285
2023-03-26 07:04:12,45,放在整个广告界也是相当炸裂,54196
2023-03-26 07:04:12,46,你好星期六,53992
2023-03-26 07:04:12,47,随手拍春天,53757
2023-03-26 07:04:12,48,狼队对战eStar,53581
2023-03-26 07:04:12,49,河北邢台发生3.3级地震,53467
2023-03-26 07:08:12,1,赵灵儿李逍遥的十年之约,716252
2023-03-26 07:08:12,2,微博之夜合照,630627
2023-03-26 07:08:12,3,读懂中国式现代化,534313
2023-03-26 07:08:12,4,刘亦菲微博Queen,517848
2023-03-26 07:08:12,5,李现扶完迪丽热巴扶杨紫,433495
2023-03-26 07:08:12,6,因航班延误缺考复试考研生崩溃大哭,406352
2023-03-26 07:08:12,7,杨幂刘诗诗牵手上台,353561
2023-03-26 07:08:12,8,哈尔滨一居民小区内发生爆炸,212523
2023-03-26 07:08:12,9,离职最后一天还被安排工作,151004
2023-03-26 07:08:12,10,当事人回应因航班延误缺考研究生复试,142511
2023-03-26 07:08:12,11,胡歌微博King,136000
2023-03-26 07:08:12,12,微博之夜百花齐放,134460
2023-03-26 07:08:12,13,苏州医生在湖南培训顺手救人,125260
2023-03-26 07:08:12,14,公司女更衣室装监控近十年,113003
2023-03-26 07:08:12,15,蔡徐坤扔墨镜,109914
2023-03-26 07:08:12,16,微博之夜,109558
2023-03-26 07:08:12,17,谷爱凌好可爱,103003
2023-03-26 07:08:12,18,邓超激动得像是买票进场的,101893
2023-03-26 07:08:12,19,住杭州豪宅的人每天多工作38分钟,89122
2023-03-26 07:08:12,20,突然收到高中同学的一封邮件,61921
2023-03-26 07:08:12,21,关晓彤 下班跑得快已到机场,60944
2023-03-26 07:08:12,22,肖战ES高定,60640
2023-03-26 07:08:12,23,女子取钱后账户却莫名进账,60373
2023-03-26 07:08:12,24,警方通报女子遭多名男子殴打,58188
2023-03-26 07:08:12,25,这在传单界都是难以拒绝的,58177
2023-03-26 07:08:12,26,王鹤棣虞书欣白鹿修罗场,58155
2023-03-26 07:08:12,27,张译包场张颂文的新电影,58126
2023-03-26 07:08:12,28,毛不易演唱会,58119
2023-03-26 07:08:12,29,大学最后悔学的专业是什么,58094
2023-03-26 07:08:12,30,笑容逐渐消失的狗子,58075
2023-03-26 07:08:12,31,仙剑一仙剑三剧粉都圆满了,58052
2023-03-26 07:08:12,32,wink状态,58028
2023-03-26 07:08:12,33,黄蜂战胜独行侠,58017
2023-03-26 07:08:12,34,微博之夜我圆满了,57988
2023-03-26 07:08:12,35,领克08,57961
2023-03-26 07:08:12,36,TF家族和你一起去做的第十九件事,57955
2023-03-26 07:08:12,37,王一博钻石胸针,57936
2023-03-26 07:08:12,38,郑容和当林俊杰演唱会嘉宾,57915
2023-03-26 07:08:12,39,内蒙古省考,54427
2023-03-26 07:08:12,40,坠落,53626
2023-03-26 07:08:12,41,微博之夜世纪同框,53398
2023-03-26 07:08:12,42,李宇春微博影响力音乐人,52862
2023-03-26 07:08:12,43,张大大以主持人身份加盟剧好听的歌,47296
2023-03-26 07:08:12,44,赵丽颖双剧入选微博年度剧集,47296
2023-03-26 07:08:12,45,痛仰 深圳,47283
2023-03-26 07:08:12,46,放在整个广告界也是相当炸裂,47270
2023-03-26 07:08:12,47,随手拍春天,47269
2023-03-26 07:08:12,48,河北邢台发生3.3级地震,47254
2023-03-26 07:08:12,49,狼队对战eStar,47246
2023-03-26 07:12:13,1,赵灵儿李逍遥的十年之约,836551
2023-03-26 07:12:13,2,微博之夜合照,742706
2023-03-26 07:12:13,3,读懂中国式现代化,664832
2023-03-26 07:12:13,4,刘亦菲微博Queen,605112
2023-03-26 07:12:13,5,因航班延误缺考复试考研生崩溃大哭,492466
2023-03-26 07:12:13,6,李现扶完迪丽热巴扶杨紫,465287
2023-03-26 07:12:13,7,杨幂刘诗诗牵手上台,406538
2023-03-26 07:12:13,8,哈尔滨一居民小区内发生爆炸,222051
2023-03-26 07:12:13,9,离职最后一天还被安排工作,177233
2023-03-26 07:12:13,10,当事人回应因航班延误缺考研究生复试,159298
2023-03-26 07:12:13,11,胡歌微博King,157486
2023-03-26 07:12:13,12,微博之夜百花齐放,155048
2023-03-26 07:12:13,13,苏州医生在湖南培训顺手救人,142764
2023-03-26 07:12:13,14,谷爱凌好可爱,123335
2023-03-26 07:12:13,15,蔡徐坤扔墨镜,122689
2023-03-26 07:12:13,16,微博之夜,122338
2023-03-26 07:12:13,17,公司女更衣室装监控近十年,119943
2023-03-26 07:12:13,18,邓超激动得像是买票进场的,119537
2023-03-26 07:12:13,19,住杭州豪宅的人每天多工作38分钟,118643
2023-03-26 07:12:13,20,警方通报女子遭多名男子殴打,118166
2023-03-26 07:12:13,21,关晓彤 下班跑得快已到机场,116769
2023-03-26 07:12:13,22,肖战ES高定,116104
2023-03-26 07:12:13,23,女子取钱后账户却莫名进账,115845
2023-03-26 07:12:13,24,突然收到高中同学的一封邮件,115572
2023-03-26 07:12:13,25,大学最后悔学的专业是什么,115110
2023-03-26 07:12:13,26,王鹤棣虞书欣白鹿修罗场,114650
2023-03-26 07:12:13,27,张译包场张颂文的新电影,114113
2023-03-26 07:12:13,28,仙剑一仙剑三剧粉都圆满了,113763
2023-03-26 07:12:13,29,这在传单界都是难以拒绝的,111373
2023-03-26 07:12:13,30,wink状态,111263
2023-03-26 07:12:13,31,毛不易演唱会,111232
2023-03-26 07:12:13,32,微博之夜我圆满了,102432
2023-03-26 07:12:13,33,黄蜂战胜独行侠,101590
2023-03-26 07:12:13,34,笑容逐渐消失的狗子,101315
2023-03-26 07:12:13,35,王一博钻石胸针,101114
2023-03-26 07:12:13,36,TF家族和你一起去做的第十九件事,74758
2023-03-26 07:12:13,37,郑容和当林俊杰演唱会嘉宾,65987
2023-03-26 07:12:13,38,领克08,60612
2023-03-26 07:12:13,39,内蒙古省考,59186
2023-03-26 07:12:13,40,坠落,59166
2023-03-26 07:12:13,41,李宇春微博影响力音乐人,59155
2023-03-26 07:12:13,42,张大大以主持人身份加盟剧好听的歌,58984
2023-03-26 07:12:13,43,痛仰 深圳,58250
2023-03-26 07:12:13,44,放在整个广告界也是相当炸裂,58078
2023-03-26 07:12:13,45,崔杋圭舞台点燃玫瑰,57393
2023-03-26 07:12:13,46,随手拍春天,56935
2023-03-26 07:12:13,47,河北邢台发生3.3级地震,56583
2023-03-26 07:12:13,48,狼队对战eStar,55909
2023-03-26 07:12:13,49,李荣浩演唱会,55339
2023-03-26 07:16:13,1,赵灵儿李逍遥的十年之约,872223
2023-03-26 07:16:13,2,微博之夜合照,808548
2023-03-26 07:16:13,3,读懂中国式现代化,660107
2023-03-26 07:16:13,4,刘亦菲微博Queen,629112
2023-03-26 07:16:13,5,因航班延误缺考复试考研生崩溃大哭,546725
2023-03-26 07:16:13,6,李现扶完迪丽热巴扶杨紫,476202
2023-03-26 07:16:13,7,胡歌微博King,445023
2023-03-26 07:16:13,8,哈尔滨一居民小区内发生爆炸,231205
2023-03-26 07:16:13,9,离职最后一天还被安排工作,190055
2023-03-26 07:16:13,10,当事人回应因航班延误缺考研究生复试,162922
2023-03-26 07:16:13,11,杨幂刘诗诗牵手上台,162772
2023-03-26 07:16:13,12,微博之夜百花齐放,158621
2023-03-26 07:16:13,13,苏州医生在湖南培训顺手救人,148091
2023-03-26 07:16:13,14,谷爱凌好可爱,140472
2023-03-26 07:16:13,15,蔡徐坤扔墨镜,138765
2023-03-26 07:16:13,16,公司女更衣室装监控近十年,130609
2023-03-26 07:16:13,17,住杭州豪宅的人每天多工作38分钟,130164
2023-03-26 07:16:13,18,邓超激动得像是买票进场的,128403
2023-03-26 07:16:13,19,警方通报女子遭多名男子殴打,126059
2023-03-26 07:16:13,20,突然收到高中同学的一封邮件,125201
2023-03-26 07:16:13,21,关晓彤 下班跑得快已到机场,122482
2023-03-26 07:16:13,22,肖战ES高定,121776
2023-03-26 07:16:13,23,微博之夜,119777
2023-03-26 07:16:13,24,女子取钱后账户却莫名进账,119012
2023-03-26 07:16:13,25,这在传单界都是难以拒绝的,118917
2023-03-26 07:16:13,26,王鹤棣虞书欣白鹿修罗场,117041
2023-03-26 07:16:13,27,张译包场张颂文的新电影,116092
2023-03-26 07:16:13,28,仙剑一仙剑三剧粉都圆满了,114024
2023-03-26 07:16:13,29,大学最后悔学的专业是什么,112495
2023-03-26 07:16:13,30,wink状态,112278
2023-03-26 07:16:13,31,微博之夜我圆满了,111035
2023-03-26 07:16:13,32,毛不易演唱会,110885
2023-03-26 07:16:13,33,TF家族和你一起去做的第十九件事,76517
2023-03-26 07:16:13,34,王一博钻石胸针,74092
2023-03-26 07:16:13,35,黄蜂战胜独行侠,70785
2023-03-26 07:16:13,36,郑容和当林俊杰演唱会嘉宾,69588
2023-03-26 07:16:13,37,笑容逐渐消失的狗子,69328
2023-03-26 07:16:13,38,领克08,68478
2023-03-26 07:16:13,39,内蒙古省考,67450
2023-03-26 07:16:13,40,坠落,67326
2023-03-26 07:16:13,41,85花同台,66629
2023-03-26 07:16:13,42,李宇春微博影响力音乐人,61378
2023-03-26 07:16:13,43,王俊凯李玉杨荔钠微博年度关注电影人,61356
2023-03-26 07:16:13,44,张大大以主持人身份加盟剧好听的歌,61273
2023-03-26 07:16:13,45,痛仰 深圳,61231
2023-03-26 07:16:13,46,放在整个广告界也是相当炸裂,61165
2023-03-26 07:16:13,47,85花都是高定,61136
2023-03-26 07:16:13,48,随手拍春天,61052
2023-03-26 07:16:13,49,河北邢台发生3.3级地震,61014
2023-03-26 07:20:24,1,赵灵儿李逍遥的十年之约,927952
2023-03-26 07:20:24,2,微博之夜合照,873309
2023-03-26 07:20:24,3,读懂中国式现代化,767806
2023-03-26 07:20:24,4,刘亦菲微博Queen,673984
2023-03-26 07:20:24,5,因航班延误缺考复试考研生崩溃大哭,614032
2023-03-26 07:20:24,6,胡歌微博King,470563
2023-03-26 07:20:24,7,杨幂刘诗诗牵手上台,467864
2023-03-26 07:20:24,8,李现扶完迪丽热巴扶杨紫,464156
2023-03-26 07:20:24,9,哈尔滨一居民小区内发生爆炸,237626
2023-03-26 07:20:24,10,当事人回应因航班延误缺考研究生复试,212821
2023-03-26 07:20:24,11,微博之夜百花齐放,210409
2023-03-26 07:20:24,12,离职最后一天还被安排工作,203684
2023-03-26 07:20:24,13,苏州医生在湖南培训顺手救人,151838
2023-03-26 07:20:24,14,蔡徐坤扔墨镜,150524
2023-03-26 07:20:24,15,谷爱凌好可爱,145472
2023-03-26 07:20:24,16,微博之夜,143135
2023-03-26 07:20:24,17,邓超激动得像是买票进场的,139023
2023-03-26 07:20:24,18,公司女更衣室装监控近十年,131537
2023-03-26 07:20:24,19,住杭州豪宅的人每天多工作38分钟,129156
2023-03-26 07:20:24,20,警方通报女子遭多名男子殴打,126727
2023-03-26 07:20:24,21,关晓彤 下班跑得快已到机场,121611
2023-03-26 07:20:24,22,肖战ES高定,119825
2023-03-26 07:20:24,23,女子取钱后账户却莫名进账,118138
2023-03-26 07:20:24,24,突然收到高中同学的一封邮件,117251
2023-03-26 07:20:24,25,大学最后悔学的专业是什么,117024
2023-03-26 07:20:24,26,王鹤棣虞书欣白鹿修罗场,115089
2023-03-26 07:20:24,27,张译包场张颂文的新电影,114720
2023-03-26 07:20:24,28,仙剑一仙剑三剧粉都圆满了,113718
2023-03-26 07:20:24,29,这在传单界都是难以拒绝的,112288
2023-03-26 07:20:24,30,wink状态,111712
2023-03-26 07:20:24,31,微博之夜我圆满了,110876
2023-03-26 07:20:24,32,毛不易演唱会,109849
2023-03-26 07:20:24,33,领克08,101102
2023-03-26 07:20:24,34,王一博钻石胸针,100506
2023-03-26 07:20:24,35,笑容逐渐消失的狗子,82229
2023-03-26 07:20:24,36,TF家族和你一起去做的第十九件事,75150
2023-03-26 07:20:24,37,郑容和当林俊杰演唱会嘉宾,72592
2023-03-26 07:20:24,38,黄蜂战胜独行侠,66290
2023-03-26 07:20:24,39,内蒙古省考,64907
2023-03-26 07:20:24,40,放在整个广告界也是相当炸裂,64458
2023-03-26 07:20:24,41,李宇春微博影响力音乐人,64284
2023-03-26 07:20:24,42,张大大以主持人身份加盟剧好听的歌,64240
2023-03-26 07:20:24,43,痛仰 深圳,64151
2023-03-26 07:20:24,44,坠落,64094
2023-03-26 07:20:24,45,随手拍春天,63994
2023-03-26 07:20:24,46,河北邢台发生3.3级地震,63915
2023-03-26 07:20:24,47,李荣浩演唱会,63885
2023-03-26 07:20:24,48,崔杋圭舞台点燃玫瑰,63814
2023-03-26 07:20:24,49,你好星期六,63720
2023-03-26 07:24:24,1,赵灵儿李逍遥的十年之约,992247
2023-03-26 07:24:24,2,微博之夜合照,951905
2023-03-26 07:24:24,3,读懂中国式现代化,763300
2023-03-26 07:24:24,4,刘亦菲微博Queen,744095
2023-03-26 07:24:24,5,因航班延误缺考复试考研生崩溃大哭,656991
2023-03-26 07:24:24,6,杨幂刘诗诗牵手上台,524850
2023-03-26 07:24:24,7,胡歌微博King,481229
2023-03-26 07:24:24,8,哈尔滨一居民小区内发生爆炸,248899
2023-03-26 07:24:24,9,离职最后一天还被安排工作,221747
2023-03-26 07:24:24,10,当事人回应因航班延误缺考研究生复试,165878
2023-03-26 07:24:24,11,李现扶完迪丽热巴扶杨紫,160498
2023-03-26 07:24:24,12,微博之夜百花齐放,158284
2023-03-26 07:24:24,13,谷爱凌好可爱,153582
2023-03-26 07:24:24,14,苏州医生在湖南培训顺手救人,153235
2023-03-26 07:24:24,15,邓超激动得像是买票进场的,152791
2023-03-26 07:24:24,16,微博之夜,152118
2023-03-26 07:24:24,17,公司女更衣室装监控近十年,139792
2023-03-26 07:24:24,18,蔡徐坤扔墨镜,139632
2023-03-26 07:24:24,19,住杭州豪宅的人每天多工作38分钟,138914
2023-03-26 07:24:24,20,警方通报女子遭多名男子殴打,138574
2023-03-26 07:24:24,21,关晓彤 下班跑得快已到机场,138070
2023-03-26 07:24:24,22,肖战ES高定,137380
2023-03-26 07:24:24,23,女子取钱后账户却莫名进账,137013
2023-03-26 07:24:24,24,突然收到高中同学的一封邮件,136720
2023-03-26 07:24:24,25,大学最后悔学的专业是什么,136345
2023-03-26 07:24:24,26,王鹤棣虞书欣白鹿修罗场,135909
2023-03-26 07:24:24,27,张译包场张颂文的新电影,135217
2023-03-26 07:24:24,28,仙剑一仙剑三剧粉都圆满了,134821
2023-03-26 07:24:24,29,wink状态,134365
2023-03-26 07:24:24,30,这在传单界都是难以拒绝的,133742
2023-03-26 07:24:24,31,微博之夜我圆满了,133504
2023-03-26 07:24:24,32,毛不易演唱会,133484
2023-03-26 07:24:24,33,郑容和当林俊杰演唱会嘉宾,133472
2023-03-26 07:24:24,34,领克08,133452
2023-03-26 07:24:24,35,内蒙古省考,133426
2023-03-26 07:24:24,36,TF家族和你一起去做的第十九件事,133400
2023-03-26 07:24:24,37,王一博钻石胸针,133364
2023-03-26 07:24:24,38,笑容逐渐消失的狗子,133360
2023-03-26 07:24:24,39,黄蜂战胜独行侠,133330
2023-03-26 07:24:24,40,放在整个广告界也是相当炸裂,133302
2023-03-26 07:24:24,41,李宇春微博影响力音乐人,133281
2023-03-26 07:24:24,42,张大大以主持人身份加盟剧好听的歌,133252
2023-03-26 07:24:24,43,微博之夜座位,133225
2023-03-26 07:24:24,44,痛仰 深圳,133212
2023-03-26 07:24:24,45,随手拍春天,133178
2023-03-26 07:24:24,46,坠落,133176
2023-03-26 07:24:24,47,河北邢台发生3.3级地震,133150
2023-03-26 07:24:24,48,狼队对战eStar,133127
2023-03-26 07:24:24,49,赵丽颖双剧入选微博年度剧集,133085
2023-03-26 07:28:25,1,微博之夜合照,1011459
2023-03-26 07:28:25,2,赵灵儿李逍遥的十年之约,982061
2023-03-26 07:28:25,3,读懂中国式现代化,849414
2023-03-26 07:28:25,4,刘亦菲微博Queen,801637
2023-03-26 07:28:25,5,因航班延误缺考复试考研生崩溃大哭,691253
2023-03-26 07:28:25,6,李现扶完迪丽热巴扶杨紫,489234
2023-03-26 07:28:25,7,杨幂刘诗诗牵手上台,488167
2023-03-26 07:28:25,8,哈尔滨一居民小区内发生爆炸,259540
2023-03-26 07:28:25,9,离职最后一天还被安排工作,222885
2023-03-26 07:28:25,10,当事人回应因航班延误缺考研究生复试,162588
2023-03-26 07:28:25,11,胡歌微博King,161392
2023-03-26 07:28:25,12,微博之夜百花齐放,160884
2023-03-26 07:28:25,13,苏州医生在湖南培训顺手救人,157514
2023-03-26 07:28:25,14,谷爱凌好可爱,150282
2023-03-26 07:28:25,15,邓超激动得像是买票进场的,149809
2023-03-26 07:28:25,16,微博之夜,148879
2023-03-26 07:28:25,17,公司女更衣室装监控近十年,145476
2023-03-26 07:28:25,18,蔡徐坤扔墨镜,145472
2023-03-26 07:28:25,19,住杭州豪宅的人每天多工作38分钟,145404
2023-03-26 07:28:25,20,突然收到高中同学的一封邮件,145367
2023-03-26 07:28:25,21,关晓彤 下班跑得快已到机场,145345
2023-03-26 07:28:25,22,王鹤棣虞书欣白鹿修罗场,145313
2023-03-26 07:28:25,23,女子取钱后账户却莫名进账,145264
2023-03-26 07:28:25,24,警方通报女子遭多名男子殴打,145231
2023-03-26 07:28:25,25,大学最后悔学的专业是什么,145151
2023-03-26 07:28:25,26,肖战ES高定,145136
2023-03-26 07:28:25,27,张译包场张颂文的新电影,145085
2023-03-26 07:28:25,28,wink状态,145057
2023-03-26 07:28:25,29,微博之夜我圆满了,145026
2023-03-26 07:28:25,30,这在传单界都是难以拒绝的,144900
2023-03-26 07:28:25,31,毛不易演唱会,144796
2023-03-26 07:28:25,32,仙剑一仙剑三剧粉都圆满了,144638
2023-03-26 07:28:25,33,郑容和当林俊杰演唱会嘉宾,144566
2023-03-26 07:28:25,34,领克08,144355
2023-03-26 07:28:25,35,内蒙古省考,144339
2023-03-26 07:28:25,36,TF家族和你一起去做的第十九件事,144094
2023-03-26 07:28:25,37,黄蜂战胜独行侠,144037
2023-03-26 07:28:25,38,笑容逐渐消失的狗子,143868
2023-03-26 07:28:25,39,王一博钻石胸针,143798
2023-03-26 07:28:25,40,放在整个广告界也是相当炸裂,143651
2023-03-26 07:28:25,41,李宇春微博影响力音乐人,143506
2023-03-26 07:28:25,42,张大大以主持人身份加盟剧好听的歌,143338
2023-03-26 07:28:25,43,痛仰 深圳,143273
2023-03-26 07:28:25,44,崔杋圭舞台点燃玫瑰,143076
2023-03-26 07:28:25,45,随手拍春天,142917
2023-03-26 07:28:25,46,坠落,142834
2023-03-26 07:28:25,47,河北邢台发生3.3级地震,142629
2023-03-26 07:28:25,48,狼队对战eStar,142609
2023-03-26 07:28:25,49,微博之夜世纪同框,142378
2023-03-26 07:32:30,1,赵灵儿李逍遥的十年之约,1178782
2023-03-26 07:32:30,2,微博之夜合照,1061322
2023-03-26 07:32:30,3,读懂中国式现代化,950712
2023-03-26 07:32:30,4,刘亦菲微博Queen,857809
2023-03-26 07:32:30,5,因航班延误缺考复试考研生崩溃大哭,718136
2023-03-26 07:32:30,6,李现扶完迪丽热巴扶杨紫,579691
2023-03-26 07:32:30,7,杨幂刘诗诗牵手上台,554519
2023-03-26 07:32:30,8,哈尔滨一居民小区内发生爆炸,260468
2023-03-26 07:32:30,9,离职最后一天还被安排工作,254930
2023-03-26 07:32:30,10,谷爱凌好可爱,169885
2023-03-26 07:32:30,11,胡歌微博King,167959
2023-03-26 07:32:30,12,微博之夜百花齐放,167111
2023-03-26 07:32:30,13,当事人回应因航班延误缺考研究生复试,164884
2023-03-26 07:32:30,14,苏州医生在湖南培训顺手救人,158308
2023-03-26 07:32:30,15,邓超激动得像是买票进场的,157674
2023-03-26 07:32:30,16,微博之夜,157562
2023-03-26 07:32:30,17,公司女更衣室装监控近十年,156897
2023-03-26 07:32:30,18,蔡徐坤扔墨镜,156842
2023-03-26 07:32:30,19,住杭州豪宅的人每天多工作38分钟,156649
2023-03-26 07:32:30,20,突然收到高中同学的一封邮件,156425
2023-03-26 07:32:30,21,关晓彤 下班跑得快已到机场,156314
2023-03-26 07:32:30,22,王鹤棣虞书欣白鹿修罗场,156137
2023-03-26 07:32:30,23,女子取钱后账户却莫名进账,155950
2023-03-26 07:32:30,24,警方通报女子遭多名男子殴打,155610
2023-03-26 07:32:30,25,大学最后悔学的专业是什么,155428
2023-03-26 07:32:30,26,肖战ES高定,155342
2023-03-26 07:32:30,27,张译包场张颂文的新电影,155059
2023-03-26 07:32:30,28,wink状态,154928
2023-03-26 07:32:30,29,微博之夜我圆满了,154696
2023-03-26 07:32:30,30,这在传单界都是难以拒绝的,154469
2023-03-26 07:32:30,31,郑容和当林俊杰演唱会嘉宾,154273
2023-03-26 07:32:30,32,仙剑一仙剑三剧粉都圆满了,154192
2023-03-26 07:32:30,33,毛不易演唱会,154062
2023-03-26 07:32:30,34,领克08,153762
2023-03-26 07:32:30,35,内蒙古省考,153498
2023-03-26 07:32:30,36,TF家族和你一起去做的第十九件事,153398
2023-03-26 07:32:30,37,放在整个广告界也是相当炸裂,153176
2023-03-26 07:32:30,38,王一博钻石胸针,153073
2023-03-26 07:32:30,39,黄蜂战胜独行侠,152815
2023-03-26 07:32:30,40,笑容逐渐消失的狗子,152710
2023-03-26 07:32:30,41,李宇春微博影响力音乐人,152551
2023-03-26 07:32:30,42,张大大以主持人身份加盟剧好听的歌,152293
2023-03-26 07:32:30,43,痛仰 深圳,152088
2023-03-26 07:32:30,44,85花同台,151881
2023-03-26 07:32:30,45,李荣浩演唱会,151621
2023-03-26 07:32:30,46,王俊凯李玉杨荔钠微博年度关注电影人,151575
2023-03-26 07:32:30,47,随手拍春天,151394
2023-03-26 07:32:30,48,坠落,151114
2023-03-26 07:32:30,49,河北邢台发生3.3级地震,150984
2023-03-26 07:36:31,1,赵灵儿李逍遥的十年之约,1238052
2023-03-26 07:36:31,2,微博之夜合照,1060952
2023-03-26 07:36:31,3,读懂中国式现代化,952635
2023-03-26 07:36:31,4,刘亦菲微博Queen,934292
2023-03-26 07:36:31,5,因航班延误缺考复试考研生崩溃大哭,745257
2023-03-26 07:36:31,6,李现扶完迪丽热巴扶杨紫,605974
2023-03-26 07:36:31,7,杨幂刘诗诗牵手上台,561498
2023-03-26 07:36:31,8,离职最后一天还被安排工作,276109
2023-03-26 07:36:31,9,哈尔滨一居民小区内发生爆炸,260397
2023-03-26 07:36:31,10,当事人回应因航班延误缺考研究生复试,183222
2023-03-26 07:36:31,11,胡歌微博King,182890
2023-03-26 07:36:31,12,邓超激动得像是买票进场的,181945
2023-03-26 07:36:31,13,谷爱凌好可爱,177595
2023-03-26 07:36:31,14,苏州医生在湖南培训顺手救人,164973
2023-03-26 07:36:31,15,微博之夜百花齐放,164478
2023-03-26 07:36:31,16,微博之夜,163908
2023-03-26 07:36:31,17,张译包场张颂文的新电影,163150
2023-03-26 07:36:31,18,蔡徐坤扔墨镜,161669
2023-03-26 07:36:31,19,公司女更衣室装监控近十年,161648
2023-03-26 07:36:31,20,青岛AR灯光秀之夜,150812
2023-03-26 07:36:31,21,关晓彤 下班跑得快已到机场,150017
2023-03-26 07:36:31,22,住杭州豪宅的人每天多工作38分钟,138273
2023-03-26 07:36:31,23,女子取钱后账户却莫名进账,133831
2023-03-26 07:36:31,24,突然收到高中同学的一封邮件,86268
2023-03-26 07:36:31,25,警方通报女子遭多名男子殴打,86028
2023-03-26 07:36:31,26,王鹤棣虞书欣白鹿修罗场,85817
2023-03-26 07:36:31,27,肖战ES高定,85383
2023-03-26 07:36:31,28,大学最后悔学的专业是什么,85081
2023-03-26 07:36:31,29,wink状态,84495
2023-03-26 07:36:31,30,微博之夜我圆满了,83949
2023-03-26 07:36:31,31,郑容和当林俊杰演唱会嘉宾,83876
2023-03-26 07:36:31,32,这在传单界都是难以拒绝的,83255
2023-03-26 07:36:31,33,仙剑一仙剑三剧粉都圆满了,82813
2023-03-26 07:36:31,34,郑钦文晋级,82408
2023-03-26 07:36:31,35,领克08,82126
2023-03-26 07:36:31,36,王一博钻石胸针,81632
2023-03-26 07:36:31,37,TF家族和你一起去做的第十九件事,81586
2023-03-26 07:36:31,38,毛不易演唱会,80530
2023-03-26 07:36:31,39,李宇春微博影响力音乐人,79602
2023-03-26 07:36:31,40,内蒙古省考,78900
2023-03-26 07:36:31,41,张大大以主持人身份加盟剧好听的歌,78237
2023-03-26 07:36:31,42,痛仰 深圳,76990
2023-03-26 07:36:31,43,龚俊刘宇宁合唱霓虹甜心,76175
2023-03-26 07:36:31,44,黄蜂战胜独行侠,75011
2023-03-26 07:36:31,45,放在整个广告界也是相当炸裂,73743
2023-03-26 07:36:31,46,李荣浩演唱会,71983
2023-03-26 07:36:31,47,坠落,71416
2023-03-26 07:36:31,48,笑容逐渐消失的狗子,69990
2023-03-26 07:36:31,49,随手拍春天,68690
2023-03-26 07:40:31,1,赵灵儿李逍遥的十年之约,1193959
2023-03-26 07:40:31,2,微博之夜合照,984245
2023-03-26 07:40:31,3,读懂中国式现代化,951794
2023-03-26 07:40:31,4,刘亦菲微博Queen,951013
2023-03-26 07:40:31,5,因航班延误缺考复试考研生崩溃大哭,722185
2023-03-26 07:40:31,6,李现扶完迪丽热巴扶杨紫,597953
2023-03-26 07:40:31,7,胡歌微博King,561653
2023-03-26 07:40:31,8,离职最后一天还被安排工作,276571
2023-03-26 07:40:31,9,哈尔滨一居民小区内发生爆炸,246720
2023-03-26 07:40:31,10,当事人回应因航班延误缺考研究生复试,190934
2023-03-26 07:40:31,11,杨幂刘诗诗牵手上台,189185
2023-03-26 07:40:31,12,邓超激动得像是买票进场的,185224
2023-03-26 07:40:31,13,公司女更衣室装监控近十年,175998
2023-03-26 07:40:31,14,苏州医生在湖南培训顺手救人,167145
2023-03-26 07:40:31,15,蔡徐坤扔墨镜,166221
2023-03-26 07:40:31,16,微博之夜,162316
2023-03-26 07:40:31,17,谷爱凌好可爱,158139
2023-03-26 07:40:31,18,微博之夜百花齐放,154338
2023-03-26 07:40:31,19,张译包场张颂文的新电影,153007
2023-03-26 07:40:31,20,青岛AR灯光秀之夜,145333
2023-03-26 07:40:31,21,关晓彤 下班跑得快已到机场,140760
2023-03-26 07:40:31,22,住杭州豪宅的人每天多工作38分钟,140204
2023-03-26 07:40:31,23,女子取钱后账户却莫名进账,128559
2023-03-26 07:40:31,24,突然收到高中同学的一封邮件,91260
2023-03-26 07:40:31,25,警方通报女子遭多名男子殴打,74636
2023-03-26 07:40:31,26,王鹤棣虞书欣白鹿修罗场,71862
2023-03-26 07:40:31,27,微博之夜我圆满了,71236
2023-03-26 07:40:31,28,郑钦文晋级,68723
2023-03-26 07:40:31,29,大学最后悔学的专业是什么,64920
2023-03-26 07:40:31,30,仙剑一仙剑三剧粉都圆满了,64458
2023-03-26 07:40:31,31,郑容和当林俊杰演唱会嘉宾,62526
2023-03-26 07:40:31,32,毛不易演唱会,61469
2023-03-26 07:40:31,33,TF家族和你一起去做的第十九件事,60906
2023-03-26 07:40:31,34,这在传单界都是难以拒绝的,60109
2023-03-26 07:40:31,35,wink状态,58447
2023-03-26 07:40:31,36,李宇春微博影响力音乐人,58321
2023-03-26 07:40:31,37,张大大以主持人身份加盟剧好听的歌,53801
2023-03-26 07:40:31,38,领克08,53797
2023-03-26 07:40:31,39,笑容逐渐消失的狗子,53783
2023-03-26 07:40:31,40,黄蜂战胜独行侠,53774
2023-03-26 07:40:31,41,赵丽颖双剧入选微博年度剧集,53757
2023-03-26 07:40:31,42,痛仰 深圳,53737
2023-03-26 07:40:31,43,内蒙古省考,53735
2023-03-26 07:40:31,44,肖战ES高定,53719
2023-03-26 07:40:31,45,王一博钻石胸针,53709
2023-03-26 07:40:31,46,放在整个广告界也是相当炸裂,53699
2023-03-26 07:40:31,47,坠落,53676
2023-03-26 07:40:31,48,微博之夜座位,53672
2023-03-26 07:40:31,49,随手拍春天,53660
2023-03-26 07:44:33,1,赵灵儿李逍遥的十年之约,1272554
2023-03-26 07:44:33,2,微博之夜合照,1067105
2023-03-26 07:44:33,3,读懂中国式现代化,1017566
2023-03-26 07:44:33,4,刘亦菲微博Queen,1003824
2023-03-26 07:44:33,5,因航班延误缺考复试考研生崩溃大哭,739884
2023-03-26 07:44:33,6,胡歌微博King,592630
2023-03-26 07:44:33,7,杨幂刘诗诗牵手上台,568297
2023-03-26 07:44:33,8,离职最后一天还被安排工作,286563
2023-03-26 07:44:33,9,哈尔滨一居民小区内发生爆炸,236816
2023-03-26 07:44:33,10,当事人回应因航班延误缺考研究生复试,190138
2023-03-26 07:44:33,11,邓超激动得像是买票进场的,185942
2023-03-26 07:44:33,12,青岛AR灯光秀之夜,181657
2023-03-26 07:44:33,13,公司女更衣室装监控近十年,179752
2023-03-26 07:44:33,14,微博之夜百花齐放,178651
2023-03-26 07:44:33,15,苏州医生在湖南培训顺手救人,162529
2023-03-26 07:44:33,16,微博之夜,157174
2023-03-26 07:44:33,17,蔡徐坤扔墨镜,152396
2023-03-26 07:44:33,18,张译包场张颂文的新电影,152165
2023-03-26 07:44:33,19,谷爱凌好可爱,145767
2023-03-26 07:44:33,20,住杭州豪宅的人每天多工作38分钟,145640
2023-03-26 07:44:33,21,关晓彤 下班跑得快已到机场,144322
2023-03-26 07:44:33,22,王鹤棣虞书欣白鹿修罗场,143846
2023-03-26 07:44:33,23,微博之夜我圆满了,140690
2023-03-26 07:44:33,24,女子取钱后账户却莫名进账,133441
2023-03-26 07:44:33,25,突然收到高中同学的一封邮件,93731
2023-03-26 07:44:33,26,仙剑一仙剑三剧粉都圆满了,92077
2023-03-26 07:44:33,27,郑容和当林俊杰演唱会嘉宾,89042
2023-03-26 07:44:33,28,警方通报女子遭多名男子殴打,84167
2023-03-26 07:44:33,29,郑钦文晋级,76598
2023-03-26 07:44:33,30,大学最后悔学的专业是什么,72879
2023-03-26 07:44:33,31,毛不易演唱会,72852
2023-03-26 07:44:33,32,TF家族和你一起去做的第十九件事,72664
2023-03-26 07:44:33,33,张大大以主持人身份加盟剧好听的歌,72659
2023-03-26 07:44:33,34,这在传单界都是难以拒绝的,72654
2023-03-26 07:44:33,35,wink状态,72649
2023-03-26 07:44:33,36,笑容逐渐消失的狗子,72649
2023-03-26 07:44:33,37,李现扶完迪丽热巴扶杨紫,72640
2023-03-26 07:44:33,38,领克08,72635
2023-03-26 07:44:33,39,放在整个广告界也是相当炸裂,72631
2023-03-26 07:44:33,40,王一博钻石胸针,72626
2023-03-26 07:44:33,41,李宇春微博影响力音乐人,72624
2023-03-26 07:44:33,42,痛仰 深圳,72619
2023-03-26 07:44:33,43,李荣浩演唱会,72613
2023-03-26 07:44:33,44,坠落,72606
2023-03-26 07:44:33,45,黄蜂战胜独行侠,72605
2023-03-26 07:44:33,46,内蒙古省考,72596
2023-03-26 07:44:33,47,河北邢台发生3.3级地震,72595
2023-03-26 07:44:33,48,章昊三公舞台,72589
2023-03-26 07:44:33,49,随手拍春天,72583
2023-03-26 07:48:33,1,赵灵儿李逍遥的十年之约,1493198
2023-03-26 07:48:33,2,微博之夜合照,1246258
2023-03-26 07:48:33,3,读懂中国式现代化,1150775
2023-03-26 07:48:33,4,刘亦菲微博Queen,1129579
2023-03-26 07:48:33,5,因航班延误缺考复试考研生崩溃大哭,810500
2023-03-26 07:48:33,6,胡歌微博King,679074
2023-03-26 07:48:33,7,杨紫肖战同框,674435
2023-03-26 07:48:33,8,离职最后一天还被安排工作,312837
2023-03-26 07:48:33,9,哈尔滨一居民小区内发生爆炸,247919
2023-03-26 07:48:33,10,当事人回应因航班延误缺考研究生复试,193741
2023-03-26 07:48:33,11,杨幂刘诗诗牵手上台,191895
2023-03-26 07:48:33,12,邓超激动得像是买票进场的,188721
2023-03-26 07:48:33,13,青岛AR灯光秀之夜,184749
2023-03-26 07:48:33,14,公司女更衣室装监控近十年,181208
2023-03-26 07:48:33,15,微博之夜百花齐放,172119
2023-03-26 07:48:33,16,微博之夜,171645
2023-03-26 07:48:33,17,苏州医生在湖南培训顺手救人,162517
2023-03-26 07:48:33,18,蔡徐坤扔墨镜,162064
2023-03-26 07:48:33,19,谷爱凌好可爱,152452
2023-03-26 07:48:33,20,住杭州豪宅的人每天多工作38分钟,149364
2023-03-26 07:48:33,21,关晓彤 下班跑得快已到机场,146756
2023-03-26 07:48:33,22,王鹤棣虞书欣白鹿修罗场,146503
2023-03-26 07:48:33,23,女子取钱后账户却莫名进账,141712
2023-03-26 07:48:33,24,突然收到高中同学的一封邮件,94356
2023-03-26 07:48:33,25,警方通报女子遭多名男子殴打,92011
2023-03-26 07:48:33,26,张译包场张颂文的新电影,90842
2023-03-26 07:48:33,27,微博之夜我圆满了,89668
2023-03-26 07:48:33,28,迪丽热巴wink,87609
2023-03-26 07:48:33,29,郑钦文晋级,82596
2023-03-26 07:48:33,30,仙剑一仙剑三剧粉都圆满了,80372
2023-03-26 07:48:33,31,郑容和当林俊杰演唱会嘉宾,79028
2023-03-26 07:48:33,32,大学最后悔学的专业是什么,76603
2023-03-26 07:48:33,33,王一博钻石胸针,76295
2023-03-26 07:48:33,34,wink状态,76187
2023-03-26 07:48:33,35,这在传单界都是难以拒绝的,75706
2023-03-26 07:48:33,36,毛不易演唱会,75562
2023-03-26 07:48:33,37,TF家族和你一起去做的第十九件事,75331
2023-03-26 07:48:33,38,张大大以主持人身份加盟剧好听的歌,68473
2023-03-26 07:48:33,39,李宇春微博影响力音乐人,65027
2023-03-26 07:48:33,40,中华小当家原型去世,60011
2023-03-26 07:48:33,41,痛仰 深圳,59640
2023-03-26 07:48:33,42,85花都是高定,58022
2023-03-26 07:48:33,43,领克08,52923
2023-03-26 07:48:33,44,笑容逐渐消失的狗子,52031
2023-03-26 07:48:33,45,王俊凯李玉杨荔钠微博年度关注电影人,51916
2023-03-26 07:48:33,46,放在整个广告界也是相当炸裂,51706
2023-03-26 07:48:33,47,坠落,51515
2023-03-26 07:48:33,48,内蒙古省考,51324
2023-03-26 07:48:33,49,黄蜂战胜独行侠,51123
2023-03-26 07:52:34,1,赵灵儿李逍遥的十年之约,1296627
2023-03-26 07:52:34,2,微博之夜合照,1164593
2023-03-26 07:52:34,3,读懂中国式现代化,1004897
2023-03-26 07:52:34,4,刘亦菲微博Queen,997800
2023-03-26 07:52:34,5,因航班延误缺考复试考研生崩溃大哭,755069
2023-03-26 07:52:34,6,杨紫肖战同框,680372
2023-03-26 07:52:34,7,杨幂刘诗诗牵手上台,641835
2023-03-26 07:52:34,8,离职最后一天还被安排工作,300728
2023-03-26 07:52:34,9,哈尔滨一居民小区内发生爆炸,249261
2023-03-26 07:52:34,10,当事人回应因航班延误缺考研究生复试,185864
2023-03-26 07:52:34,11,胡歌微博King,185788
2023-03-26 07:52:34,12,邓超激动得像是买票进场的,185757
2023-03-26 07:52:34,13,青岛AR灯光秀之夜,185378
2023-03-26 07:52:34,14,公司女更衣室装监控近十年,184579
2023-03-26 07:52:34,15,微博之夜百花齐放,184173
2023-03-26 07:52:34,16,微博之夜,182926
2023-03-26 07:52:34,17,中华小当家原型去世,173858
2023-03-26 07:52:34,18,蔡徐坤扔墨镜,172984
2023-03-26 07:52:34,19,苏州医生在湖南培训顺手救人,158053
2023-03-26 07:52:34,20,住杭州豪宅的人每天多工作38分钟,139514
2023-03-26 07:52:34,21,关晓彤 下班跑得快已到机场,137152
2023-03-26 07:52:34,22,王鹤棣虞书欣白鹿修罗场,135756
2023-03-26 07:52:34,23,谷爱凌好可爱,132893
2023-03-26 07:52:34,24,女子取钱后账户却莫名进账,131089
2023-03-26 07:52:34,25,突然收到高中同学的一封邮件,131071
2023-03-26 07:52:34,26,仙剑一仙剑三剧粉都圆满了,131026
2023-03-26 07:52:34,27,张译包场张颂文的新电影,130979
2023-03-26 07:52:34,28,郑钦文晋级,130889
2023-03-26 07:52:34,29,微博之夜我圆满了,130837
2023-03-26 07:52:34,30,警方通报女子遭多名男子殴打,130784
2023-03-26 07:52:34,31,郑容和当林俊杰演唱会嘉宾,130763
2023-03-26 07:52:34,32,王一博钻石胸针,130721
2023-03-26 07:52:34,33,毛不易演唱会,130687
2023-03-26 07:52:34,34,大学最后悔学的专业是什么,130526
2023-03-26 07:52:34,35,wink状态,130389
2023-03-26 07:52:34,36,张大大以主持人身份加盟剧好听的歌,130220
2023-03-26 07:52:34,37,TF家族和你一起去做的第十九件事,130034
2023-03-26 07:52:34,38,这在传单界都是难以拒绝的,129981
2023-03-26 07:52:34,39,领克08,129758
2023-03-26 07:52:34,40,笑容逐渐消失的狗子,129692
2023-03-26 07:52:34,41,章昊三公舞台,129516
2023-03-26 07:52:34,42,李宇春微博影响力音乐人,129420
2023-03-26 07:52:34,43,痛仰 深圳,129146
2023-03-26 07:52:34,44,李荣浩演唱会,129064
2023-03-26 07:52:34,45,放在整个广告界也是相当炸裂,128977
2023-03-26 07:52:34,46,坠落,128808
2023-03-26 07:52:34,47,龚俊刘宇宁合唱霓虹甜心,128682
2023-03-26 07:52:34,48,黄蜂战胜独行侠,128473
2023-03-26 07:52:34,49,内蒙古省考,128402
2023-03-26 07:56:34,1,赵灵儿李逍遥的十年之约,1389933
2023-03-26 07:56:34,2,微博之夜合照,1283019
2023-03-26 07:56:34,3,读懂中国式现代化,1185461
2023-03-26 07:56:34,4,刘亦菲微博Queen,1153721
2023-03-26 07:56:34,5,因航班延误缺考复试考研生崩溃大哭,825729
2023-03-26 07:56:34,6,杨紫肖战同框,749157
2023-03-26 07:56:34,7,胡歌微博King,726812
2023-03-26 07:56:34,8,离职最后一天还被安排工作,317120
2023-03-26 07:56:34,9,哈尔滨一居民小区内发生爆炸,244221
2023-03-26 07:56:34,10,公司女更衣室装监控近十年,201299
2023-03-26 07:56:34,11,杨幂刘诗诗牵手上台,200103
2023-03-26 07:56:34,12,邓超激动得像是买票进场的,198807
2023-03-26 07:56:34,13,中华小当家原型去世,196646
2023-03-26 07:56:34,14,当事人回应因航班延误缺考研究生复试,193622
2023-03-26 07:56:34,15,微博之夜百花齐放,192188
2023-03-26 07:56:34,16,王鹤棣虞书欣白鹿修罗场,190328
2023-03-26 07:56:34,17,青岛AR灯光秀之夜,185399
2023-03-26 07:56:34,18,蔡徐坤扔墨镜,179584
2023-03-26 07:56:34,19,苏州医生在湖南培训顺手救人,160770
2023-03-26 07:56:34,20,住杭州豪宅的人每天多工作38分钟,147431
2023-03-26 07:56:34,21,微博之夜,147307
2023-03-26 07:56:34,22,关晓彤 下班跑得快已到机场,147252
2023-03-26 07:56:34,23,张译包场张颂文的新电影,147223
2023-03-26 07:56:34,24,谷爱凌好可爱,147181
2023-03-26 07:56:34,25,女子取钱后账户却莫名进账,147073
2023-03-26 07:56:34,26,仙剑一仙剑三剧粉都圆满了,146499
2023-03-26 07:56:34,27,突然收到高中同学的一封邮件,146147
2023-03-26 07:56:34,28,郑钦文晋级,145904
2023-03-26 07:56:34,29,微博之夜我圆满了,145443
2023-03-26 07:56:34,30,警方通报女子遭多名男子殴打,145096
2023-03-26 07:56:34,31,郑容和当林俊杰演唱会嘉宾,144543
2023-03-26 07:56:34,32,毛不易演唱会,144400
2023-03-26 07:56:34,33,章昊三公舞台,143729
2023-03-26 07:56:34,34,大学最后悔学的专业是什么,143607
2023-03-26 07:56:34,35,wink状态,143131
2023-03-26 07:56:34,36,TF家族和你一起去做的第十九件事,142736
2023-03-26 07:56:34,37,这在传单界都是难以拒绝的,142194
2023-03-26 07:56:34,38,领克08,142026
2023-03-26 07:56:34,39,笑容逐渐消失的狗子,141495
2023-03-26 07:56:34,40,85花同台,140947
2023-03-26 07:56:34,41,张大大以主持人身份加盟剧好听的歌,140490
2023-03-26 07:56:34,42,赵丽颖双剧入选微博年度剧集,140357
2023-03-26 07:56:34,43,李宇春微博影响力音乐人,139752
2023-03-26 07:56:34,44,李荣浩演唱会,139385
2023-03-26 07:56:34,45,王一博钻石胸针,139263
2023-03-26 07:56:34,46,放在整个广告界也是相当炸裂,139237
2023-03-26 07:56:34,47,坠落,139178
2023-03-26 07:56:34,48,黄蜂战胜独行侠,139126
2023-03-26 07:56:34,49,内蒙古省考,139032
2023-03-26 08:00:34,1,赵灵儿李逍遥的十年之约,1425970
2023-03-26 08:00:34,2,微博之夜合照,1283919
2023-03-26 08:00:34,3,读懂中国式现代化,1195150
2023-03-26 08:00:34,4,刘亦菲微博Queen,1189992
2023-03-26 08:00:34,5,因航班延误缺考复试考研生崩溃大哭,836754
2023-03-26 08:00:34,6,胡歌微博King,776285
2023-03-26 08:00:34,7,杨幂刘诗诗牵手上台,753658
2023-03-26 08:00:34,8,离职最后一天还被安排工作,317464
2023-03-26 08:00:34,9,哈尔滨一居民小区内发生爆炸,242487
2023-03-26 08:00:34,10,公司女更衣室装监控近十年,208254
2023-03-26 08:00:34,11,杨紫肖战同框,207402
2023-03-26 08:00:34,12,邓超激动得像是买票进场的,202368
2023-03-26 08:00:34,13,中华小当家原型去世,200504
2023-03-26 08:00:34,14,当事人回应因航班延误缺考研究生复试,196218
2023-03-26 08:00:34,15,微博之夜百花齐放,180246
2023-03-26 08:00:34,16,王鹤棣虞书欣白鹿修罗场,177013
2023-03-26 08:00:34,17,苏州医生在湖南培训顺手救人,155310
2023-03-26 08:00:34,18,蔡徐坤扔墨镜,153110
2023-03-26 08:00:34,19,住杭州豪宅的人每天多工作38分钟,146727
2023-03-26 08:00:34,20,青岛AR灯光秀之夜,142132
2023-03-26 08:00:34,21,关晓彤 下班跑得快已到机场,139800
2023-03-26 08:00:34,22,微博之夜,136883
2023-03-26 08:00:34,23,女子取钱后账户却莫名进账,131206
2023-03-26 08:00:34,24,郑钦文晋级,98007
2023-03-26 08:00:34,25,突然收到高中同学的一封邮件,92896
2023-03-26 08:00:34,26,张译包场张颂文的新电影,90977
2023-03-26 08:00:34,27,微博之夜我圆满了,90407
2023-03-26 08:00:34,28,谷爱凌好可爱,89273
2023-03-26 08:00:34,29,警方通报女子遭多名男子殴打,88053
2023-03-26 08:00:34,30,仙剑一仙剑三剧粉都圆满了,86370
2023-03-26 08:00:34,31,郑容和当林俊杰演唱会嘉宾,83452
2023-03-26 08:00:34,32,TF家族和你一起去做的第十九件事,80245
2023-03-26 08:00:34,33,章昊三公舞台,78399
2023-03-26 08:00:34,34,大学最后悔学的专业是什么,76086
2023-03-26 08:00:34,35,wink状态,63228
2023-03-26 08:00:34,36,毛不易演唱会,62163
2023-03-26 08:00:34,37,一张照片留住春天,58225
2023-03-26 08:00:34,38,微博之夜世纪同框,58215
2023-03-26 08:00:34,39,这在传单界都是难以拒绝的,58154
2023-03-26 08:00:34,40,2岁萌娃给民警指路全靠默契,57494
2023-03-26 08:00:34,41,张大大以主持人身份加盟剧好听的歌,57314
2023-03-26 08:00:34,42,迪丽热巴wink,56455
2023-03-26 08:00:34,43,陆虎反正都是我巡演,55915
2023-03-26 08:00:34,44,李荣浩演唱会,55040
2023-03-26 08:00:34,45,笑容逐渐消失的狗子,54677
2023-03-26 08:00:34,46,王一博钻石胸针,54667
2023-03-26 08:00:34,47,李宇春微博影响力音乐人,54659
2023-03-26 08:00:34,48,领克08,54652
2023-03-26 08:00:34,49,只有妈妈会解读你的表情包,43969
2023-03-26 08:04:35,1,赵灵儿李逍遥的十年之约,1341546
2023-03-26 08:04:35,2,微博之夜合照,1196037
2023-03-26 08:04:35,3,读懂中国式现代化,1169559
2023-03-26 08:04:35,4,刘亦菲微博Queen,1143290
2023-03-26 08:04:35,5,因航班延误缺考复试考研生崩溃大哭,810921
2023-03-26 08:04:35,6,杨幂刘诗诗牵手上台,723425
2023-03-26 08:04:35,7,胡歌微博King,678565
2023-03-26 08:04:35,8,中华小当家原型去世,445681
2023-03-26 08:04:35,9,离职最后一天还被安排工作,312024
2023-03-26 08:04:35,10,公司女更衣室装监控近十年,277936
2023-03-26 08:04:35,11,邓超激动得像是买票进场的,264944
2023-03-26 08:04:35,12,哈尔滨一居民小区内发生爆炸,247332
2023-03-26 08:04:35,13,当事人回应因航班延误缺考研究生复试,199417
2023-03-26 08:04:35,14,微博之夜百花齐放,180741
2023-03-26 08:04:35,15,苏州医生在湖南培训顺手救人,143668
2023-03-26 08:04:35,16,王鹤棣虞书欣白鹿修罗场,142262
2023-03-26 08:04:35,17,蔡徐坤扔墨镜,141908
2023-03-26 08:04:35,18,微博之夜,141469
2023-03-26 08:04:35,19,住杭州豪宅的人每天多工作38分钟,139931
2023-03-26 08:04:35,20,青岛AR灯光秀之夜,131493
2023-03-26 08:04:35,21,关晓彤 下班跑得快已到机场,131166
2023-03-26 08:04:35,22,张译包场张颂文的新电影,130937
2023-03-26 08:04:35,23,女子取钱后账户却莫名进账,130472
2023-03-26 08:04:35,24,谷爱凌好可爱,127872
2023-03-26 08:04:35,25,郑钦文晋级,119536
2023-03-26 08:04:35,26,微博之夜我圆满了,117447
2023-03-26 08:04:35,27,章昊三公舞台,113466
2023-03-26 08:04:35,28,突然收到高中同学的一封邮件,100177
2023-03-26 08:04:35,29,仙剑一仙剑三剧粉都圆满了,99846
2023-03-26 08:04:35,30,警方通报女子遭多名男子殴打,97089
2023-03-26 08:04:35,31,郑容和当林俊杰演唱会嘉宾,96833
2023-03-26 08:04:35,32,陆虎反正都是我巡演,95578
2023-03-26 08:04:35,33,TF家族和你一起去做的第十九件事,93629
2023-03-26 08:04:35,34,一张照片留住春天,77307
2023-03-26 08:04:35,35,大学最后悔学的专业是什么,70384
2023-03-26 08:04:35,36,张大大以主持人身份加盟剧好听的歌,67967
2023-03-26 08:04:35,37,毛不易演唱会,66772
2023-03-26 08:04:35,38,wink状态,61091
2023-03-26 08:04:35,39,这在传单界都是难以拒绝的,60397
2023-03-26 08:04:35,40,2岁萌娃给民警指路全靠默契,57188
2023-03-26 08:04:35,41,笑容逐渐消失的狗子,56749
2023-03-26 08:04:35,42,李荣浩演唱会,54537
2023-03-26 08:04:35,43,李宇春微博影响力音乐人,52131
2023-03-26 08:04:35,44,领克08,49548
2023-03-26 08:04:35,45,只有妈妈会解读你的表情包,49439
2023-03-26 08:04:35,46,杨紫肖战同框,49405
2023-03-26 08:04:35,47,放在整个广告界也是相当炸裂,49312
2023-03-26 08:04:35,48,黄蜂战胜独行侠,49164
2023-03-26 08:08:35,1,赵灵儿李逍遥的十年之约,1568981
2023-03-26 08:08:35,2,微博之夜合照,1312502
2023-03-26 08:08:35,3,读懂中国式现代化,1282885
2023-03-26 08:08:35,4,刘亦菲微博Queen,1272935
2023-03-26 08:08:35,5,因航班延误缺考复试考研生崩溃大哭,875170
2023-03-26 08:08:35,6,李现扶完迪丽热巴扶杨紫,857770
2023-03-26 08:08:35,7,杨幂刘诗诗牵手上台,798281
2023-03-26 08:08:35,8,中华小当家原型去世,560872
2023-03-26 08:08:35,9,离职最后一天还被安排工作,332658
2023-03-26 08:08:35,10,公司女更衣室装监控近十年,262492
2023-03-26 08:08:35,11,胡歌微博King,256364
2023-03-26 08:08:35,12,邓超激动得像是买票进场的,254393
2023-03-26 08:08:35,13,哈尔滨一居民小区内发生爆炸,246431
2023-03-26 08:08:35,14,当事人回应因航班延误缺考研究生复试,199490
2023-03-26 08:08:35,15,微博之夜百花齐放,197473
2023-03-26 08:08:35,16,微博之夜,179130
2023-03-26 08:08:35,17,王鹤棣虞书欣白鹿修罗场,171470
2023-03-26 08:08:35,18,住杭州豪宅的人每天多工作38分钟,146784
2023-03-26 08:08:35,19,苏州医生在湖南培训顺手救人,137498
2023-03-26 08:08:35,20,青岛AR灯光秀之夜,93115
2023-03-26 08:08:35,21,关晓彤 下班跑得快已到机场,92981
2023-03-26 08:08:35,22,蔡徐坤扔墨镜,92633
2023-03-26 08:08:35,23,张译包场张颂文的新电影,91895
2023-03-26 08:08:35,24,谷爱凌好可爱,91550
2023-03-26 08:08:35,25,女子取钱后账户却莫名进账,91149
2023-03-26 08:08:35,26,古巨基加盟剧好听的歌,90497
2023-03-26 08:08:35,27,微博之夜我圆满了,89818
2023-03-26 08:08:35,28,一张照片留住春天,89781
2023-03-26 08:08:35,29,郑钦文晋级,85647
2023-03-26 08:08:35,30,仙剑一仙剑三剧粉都圆满了,85478
2023-03-26 08:08:35,31,陆虎反正都是我巡演,85386
2023-03-26 08:08:35,32,章昊三公舞台,85368
2023-03-26 08:08:35,33,警方通报女子遭多名男子殴打,85292
2023-03-26 08:08:35,34,突然收到高中同学的一封邮件,79717
2023-03-26 08:08:35,35,大学最后悔学的专业是什么,73154
2023-03-26 08:08:35,36,郑容和当林俊杰演唱会嘉宾,70087
2023-03-26 08:08:35,37,wink状态,63917
2023-03-26 08:08:35,38,王一博钻石胸针,62228
2023-03-26 08:08:35,39,这在传单界都是难以拒绝的,59693
2023-03-26 08:08:35,40,笑容逐渐消失的狗子,57652
2023-03-26 08:08:35,41,TF家族和你一起去做的第十九件事,57575
2023-03-26 08:08:35,42,张大大以主持人身份加盟剧好听的歌,56902
2023-03-26 08:08:35,43,毛不易演唱会,56752
2023-03-26 08:08:35,44,李荣浩演唱会,56392
2023-03-26 08:08:35,45,2岁萌娃给民警指路全靠默契,56135
2023-03-26 08:08:35,46,微博之夜座位,55563
2023-03-26 08:08:35,47,领克08,53397
2023-03-26 08:08:35,48,李宇春微博影响力音乐人,53290
2023-03-26 08:12:36,1,赵灵儿李逍遥的十年之约,1570765
2023-03-26 08:12:36,2,微博之夜合照,1347139
2023-03-26 08:12:36,3,读懂中国式现代化,1311375
2023-03-26 08:12:36,4,刘亦菲微博Queen,1287515
2023-03-26 08:12:36,5,李现扶完迪丽热巴扶杨紫,926254
2023-03-26 08:12:36,6,因航班延误缺考复试考研生崩溃大哭,888274
2023-03-26 08:12:36,7,胡歌微博King,833049
2023-03-26 08:12:36,8,中华小当家原型去世,640265
2023-03-26 08:12:36,9,离职最后一天还被安排工作,336957
2023-03-26 08:12:36,10,公司女更衣室装监控近十年,247992
2023-03-26 08:12:36,11,杨幂刘诗诗牵手上台,246800
2023-03-26 08:12:36,12,邓超激动得像是买票进场的,246295
2023-03-26 08:12:36,13,哈尔滨一居民小区内发生爆炸,244999
2023-03-26 08:12:36,14,当事人回应因航班延误缺考研究生复试,204358
2023-03-26 08:12:36,15,微博之夜百花齐放,193274
2023-03-26 08:12:36,16,微博之夜,176273
2023-03-26 08:12:36,17,王鹤棣虞书欣白鹿修罗场,169036
2023-03-26 08:12:36,18,住杭州豪宅的人每天多工作38分钟,153052
2023-03-26 08:12:36,19,谷爱凌好可爱,146631
2023-03-26 08:12:36,20,苏州医生在湖南培训顺手救人,133681
2023-03-26 08:12:36,21,关晓彤 下班跑得快已到机场,133664
2023-03-26 08:12:36,22,蔡徐坤扔墨镜,133637
2023-03-26 08:12:36,23,张译包场张颂文的新电影,133587
2023-03-26 08:12:36,24,女子取钱后账户却莫名进账,133541
2023-03-26 08:12:36,25,一张照片留住春天,133522
2023-03-26 08:12:36,26,微博之夜我圆满了,133478
2023-03-26 08:12:36,27,古巨基加盟剧好听的歌,133430
2023-03-26 08:12:36,28,青岛AR灯光秀之夜,133392
2023-03-26 08:12:36,29,警方通报女子遭多名男子殴打,133353
2023-03-26 08:12:36,30,郑钦文晋级,133298
2023-03-26 08:12:36,31,仙剑一仙剑三剧粉都圆满了,133267
2023-03-26 08:12:36,32,陆虎反正都是我巡演,133255
2023-03-26 08:12:36,33,章昊三公舞台,133248
2023-03-26 08:12:36,34,突然收到高中同学的一封邮件,133211
2023-03-26 08:12:36,35,大学最后悔学的专业是什么,133183
2023-03-26 08:12:36,36,郑容和当林俊杰演唱会嘉宾,133150
2023-03-26 08:12:36,37,85花同台,133130
2023-03-26 08:12:36,38,2岁萌娃给民警指路全靠默契,133069
2023-03-26 08:12:36,39,只有妈妈会解读你的表情包,133036
2023-03-26 08:12:36,40,wink状态,133027
2023-03-26 08:12:36,41,TF家族和你一起去做的第十九件事,132996
2023-03-26 08:12:36,42,张大大以主持人身份加盟剧好听的歌,132945
2023-03-26 08:12:36,43,毛不易演唱会,132920
2023-03-26 08:12:36,44,李荣浩演唱会,132898
2023-03-26 08:12:36,45,这在传单界都是难以拒绝的,132870
2023-03-26 08:12:36,46,笑容逐渐消失的狗子,132821
2023-03-26 08:12:36,47,领克08,132810
2023-03-26 08:12:36,48,李宇春微博影响力音乐人,132776
2023-03-26 08:12:36,49,婺女洲星云青燥音乐节,132727
2023-03-26 08:16:37,1,赵灵儿李逍遥的十年之约,1463830
2023-03-26 08:16:37,2,微博之夜合照,1344297
2023-03-26 08:16:37,3,读懂中国式现代化,1300619
2023-03-26 08:16:37,4,刘亦菲微博Queen,1265200
2023-03-26 08:16:37,5,李现扶完迪丽热巴扶杨紫,904841
2023-03-26 08:16:37,6,因航班延误缺考复试考研生崩溃大哭,870162
2023-03-26 08:16:37,7,胡歌微博King,770116
2023-03-26 08:16:37,8,中华小当家原型去世,718250
2023-03-26 08:16:37,9,离职最后一天还被安排工作,317361
2023-03-26 08:16:37,10,公司女更衣室装监控近十年,247297
2023-03-26 08:16:37,11,杨幂刘诗诗牵手上台,245305
2023-03-26 08:16:37,12,邓超激动得像是买票进场的,243709
2023-03-26 08:16:37,13,哈尔滨一居民小区内发生爆炸,241234
2023-03-26 08:16:37,14,当事人回应因航班延误缺考研究生复试,212473
2023-03-26 08:16:37,15,微博之夜百花齐放,212400
2023-03-26 08:16:37,16,微博之夜,208138
2023-03-26 08:16:37,17,王鹤棣虞书欣白鹿修罗场,207712
2023-03-26 08:16:37,18,住杭州豪宅的人每天多工作38分钟,204769
2023-03-26 08:16:37,19,苏州医生在湖南培训顺手救人,202870
2023-03-26 08:16:37,20,一张照片留住春天,200778
2023-03-26 08:16:37,21,关晓彤 下班跑得快已到机场,199182
2023-03-26 08:16:37,22,蔡徐坤扔墨镜,195442
2023-03-26 08:16:37,23,谷爱凌好可爱,193705
2023-03-26 08:16:37,24,女子取钱后账户却莫名进账,191388
2023-03-26 08:16:37,25,只有妈妈会解读你的表情包,189417
2023-03-26 08:16:37,26,张译包场张颂文的新电影,187996
2023-03-26 08:16:37,27,古巨基加盟剧好听的歌,186093
2023-03-26 08:16:37,28,微博之夜我圆满了,178421
2023-03-26 08:16:37,29,2岁萌娃给民警指路全靠默契,164691
2023-03-26 08:16:37,30,青岛AR灯光秀之夜,163300
2023-03-26 08:16:37,31,仙剑一仙剑三剧粉都圆满了,161983
2023-03-26 08:16:37,32,陆虎反正都是我巡演,142285
2023-03-26 08:16:37,33,微博之夜世纪同框,133989
2023-03-26 08:16:37,34,突然收到高中同学的一封邮件,127915
2023-03-26 08:16:37,35,郑钦文晋级,124344
2023-03-26 08:16:37,36,章昊三公舞台,123977
2023-03-26 08:16:37,37,肖战ES高定,108777
2023-03-26 08:16:37,38,郑容和当林俊杰演唱会嘉宾,97712
2023-03-26 08:16:37,39,警方通报女子遭多名男子殴打,96697
2023-03-26 08:16:37,40,大学最后悔学的专业是什么,96378
2023-03-26 08:16:37,41,张大大以主持人身份加盟剧好听的歌,96329
2023-03-26 08:16:37,42,TF家族和你一起去做的第十九件事,96021
2023-03-26 08:16:37,43,毛不易演唱会,96013
2023-03-26 08:16:37,44,wink状态,96002
2023-03-26 08:16:37,45,笑容逐渐消失的狗子,95998
2023-03-26 08:16:37,46,李荣浩演唱会,95987
2023-03-26 08:16:37,47,这在传单界都是难以拒绝的,95977
2023-03-26 08:16:37,48,王一博大鹏张吃鱼微博年度突破电影人,95967
2023-03-26 08:16:37,49,婺女洲星云青燥音乐节,95965
2023-03-26 08:20:37,1,赵灵儿李逍遥的十年之约,1652882
2023-03-26 08:20:37,2,微博之夜合照,1303330
2023-03-26 08:20:37,3,读懂中国式现代化,1293891
2023-03-26 08:20:37,4,刘亦菲微博Queen,1288167
2023-03-26 08:20:37,5,李现扶完迪丽热巴扶杨紫,905229
2023-03-26 08:20:37,6,因航班延误缺考复试考研生崩溃大哭,857720
2023-03-26 08:20:37,7,胡歌微博King,820220
2023-03-26 08:20:37,8,中华小当家原型去世,763739
2023-03-26 08:20:37,9,离职最后一天还被安排工作,329052
2023-03-26 08:20:37,10,当事人回应因航班延误缺考研究生复试,309266
2023-03-26 08:20:37,11,杨幂刘诗诗牵手上台,306533
2023-03-26 08:20:37,12,微博之夜百花齐放,305462
2023-03-26 08:20:37,13,王鹤棣虞书欣白鹿修罗场,302566
2023-03-26 08:20:37,14,微博之夜,286979
2023-03-26 08:20:37,15,公司女更衣室装监控近十年,272455
2023-03-26 08:20:37,16,蔡徐坤扔墨镜,259439
2023-03-26 08:20:37,17,哈尔滨一居民小区内发生爆炸,247586
2023-03-26 08:20:37,18,住杭州豪宅的人每天多工作38分钟,145411
2023-03-26 08:20:37,19,谷爱凌好可爱,142240
2023-03-26 08:20:37,20,一张照片留住春天,141147
2023-03-26 08:20:37,21,关晓彤 下班跑得快已到机场,138644
2023-03-26 08:20:37,22,张译包场张颂文的新电影,137112
2023-03-26 08:20:37,23,古巨基加盟剧好听的歌,136771
2023-03-26 08:20:37,24,苏州医生在湖南培训顺手救人,135115
2023-03-26 08:20:37,25,女子取钱后账户却莫名进账,119254
2023-03-26 08:20:37,26,仙剑一仙剑三剧粉都圆满了,118202
2023-03-26 08:20:37,27,只有妈妈会解读你的表情包,117209
2023-03-26 08:20:37,28,2岁萌娃给民警指路全靠默契,115999
2023-03-26 08:20:37,29,微博之夜我圆满了,115340
2023-03-26 08:20:37,30,郑钦文晋级,113647
2023-03-26 08:20:37,31,章昊三公舞台,112622
2023-03-26 08:20:37,32,陆虎反正都是我巡演,111817
2023-03-26 08:20:37,33,青岛AR灯光秀之夜,111732
2023-03-26 08:20:37,34,郑容和当林俊杰演唱会嘉宾,111680
2023-03-26 08:20:37,35,警方通报女子遭多名男子殴打,111595
2023-03-26 08:20:37,36,TF家族和你一起去做的第十九件事,111539
2023-03-26 08:20:37,37,张大大以主持人身份加盟剧好听的歌,111389
2023-03-26 08:20:37,38,毛不易演唱会,111357
2023-03-26 08:20:37,39,突然收到高中同学的一封邮件,111282
2023-03-26 08:20:37,40,大学最后悔学的专业是什么,111137
2023-03-26 08:20:37,41,李荣浩演唱会,111042
2023-03-26 08:20:37,42,婺女洲星云青燥音乐节,110951
2023-03-26 08:20:37,43,笑容逐渐消失的狗子,110859
2023-03-26 08:20:37,44,wink状态,110829
2023-03-26 08:20:37,45,这在传单界都是难以拒绝的,110744
2023-03-26 08:20:37,46,领克08,110659
2023-03-26 08:20:37,47,龚俊刘宇宁合唱霓虹甜心,110506
2023-03-26 08:20:37,48,黄蜂战胜独行侠,110427
2023-03-26 08:24:37,1,赵灵儿李逍遥的十年之约,1500290
2023-03-26 08:24:37,2,刘亦菲微博Queen,1270750
2023-03-26 08:24:37,3,读懂中国式现代化,1226546
2023-03-26 08:24:37,4,微博之夜合照,1219810
2023-03-26 08:24:37,5,因航班延误缺考复试考研生崩溃大哭,840208
2023-03-26 08:24:37,6,李现扶完迪丽热巴扶杨紫,835050
2023-03-26 08:24:37,7,胡歌微博King,816744
2023-03-26 08:24:37,8,杨幂刘诗诗牵手上台,792517
2023-03-26 08:24:37,9,中华小当家原型去世,759336
2023-03-26 08:24:37,10,当事人回应因航班延误缺考研究生复试,546168
2023-03-26 08:24:37,11,邓超分口香糖,503270
2023-03-26 08:24:37,12,离职最后一天还被安排工作,336438
2023-03-26 08:24:37,13,哈尔滨一居民小区内发生爆炸,251663
2023-03-26 08:24:37,14,微博之夜百花齐放,243553
2023-03-26 08:24:37,15,公司女更衣室装监控近十年,217152
2023-03-26 08:24:37,16,王鹤棣虞书欣白鹿修罗场,216607
2023-03-26 08:24:37,17,微博之夜,215274
2023-03-26 08:24:37,18,一张照片留住春天,214484
2023-03-26 08:24:37,19,住杭州豪宅的人每天多工作38分钟,212484
2023-03-26 08:24:37,20,苏州医生在湖南培训顺手救人,210667
2023-03-26 08:24:37,21,关晓彤 下班跑得快已到机场,210536
2023-03-26 08:24:37,22,蔡徐坤扔墨镜,208242
2023-03-26 08:24:37,23,张译包场张颂文的新电影,207845
2023-03-26 08:24:37,24,女子取钱后账户却莫名进账,206253
2023-03-26 08:24:37,25,2岁萌娃给民警指路全靠默契,205067
2023-03-26 08:24:37,26,长空之王恭喜王一博获奖,204064
2023-03-26 08:24:37,27,古巨基加盟剧好听的歌,188665
2023-03-26 08:24:37,28,只有妈妈会解读你的表情包,172297
2023-03-26 08:24:37,29,郑钦文晋级,161456
2023-03-26 08:24:37,30,警方通报女子遭多名男子殴打,157526
2023-03-26 08:24:37,31,仙剑一仙剑三剧粉都圆满了,156350
2023-03-26 08:24:37,32,章昊三公舞台,154453
2023-03-26 08:24:37,33,青岛AR灯光秀之夜,154412
2023-03-26 08:24:37,34,微博之夜我圆满了,154371
2023-03-26 08:24:37,35,突然收到高中同学的一封邮件,154303
2023-03-26 08:24:37,36,谷爱凌好可爱,153915
2023-03-26 08:24:37,37,陆虎反正都是我巡演,153777
2023-03-26 08:24:37,38,郑容和当林俊杰演唱会嘉宾,153608
2023-03-26 08:24:37,39,笑容逐渐消失的狗子,153309
2023-03-26 08:24:37,40,这在传单界都是难以拒绝的,152883
2023-03-26 08:24:37,41,TF家族和你一起去做的第十九件事,152693
2023-03-26 08:24:37,42,张大大以主持人身份加盟剧好听的歌,152425
2023-03-26 08:24:37,43,毛不易演唱会,152330
2023-03-26 08:24:37,44,婺女洲星云青燥音乐节,152084
2023-03-26 08:24:37,45,大学最后悔学的专业是什么,151799
2023-03-26 08:24:37,46,wink状态,151391
2023-03-26 08:24:37,47,原来真的有猫会后空翻,151188
2023-03-26 08:24:37,48,领克08,151041
2023-03-26 08:24:37,49,微博之夜座位,150636
2023-03-26 08:28:38,1,赵灵儿李逍遥的十年之约,1476527
2023-03-26 08:28:38,2,刘亦菲微博Queen,1373188
2023-03-26 08:28:38,3,读懂中国式现代化,1309680
2023-03-26 08:28:38,4,微博之夜合照,1253425
2023-03-26 08:28:38,5,因航班延误缺考复试考研生崩溃大哭,885881
2023-03-26 08:28:38,6,胡歌微博King,834724
2023-03-26 08:28:38,7,李现扶完迪丽热巴扶杨紫,821129
2023-03-26 08:28:38,8,中华小当家原型去世,751016
2023-03-26 08:28:38,9,离职最后一天还被安排工作,342716
2023-03-26 08:28:38,10,当事人回应因航班延误缺考研究生复试,271676
2023-03-26 08:28:38,11,杨幂刘诗诗牵手上台,271168
2023-03-26 08:28:38,12,邓超分口香糖,269712
2023-03-26 08:28:38,13,哈尔滨一居民小区内发生爆炸,256494
2023-03-26 08:28:38,14,公司女更衣室装监控近十年,212387
2023-03-26 08:28:38,15,周深真的很想逃,212264
2023-03-26 08:28:38,16,王鹤棣虞书欣白鹿修罗场,212130
2023-03-26 08:28:38,17,一张照片留住春天,211788
2023-03-26 08:28:38,18,微博之夜百花齐放,211586
2023-03-26 08:28:38,19,住杭州豪宅的人每天多工作38分钟,211500
2023-03-26 08:28:38,20,苏州医生在湖南培训顺手救人,211279
2023-03-26 08:28:38,21,关晓彤 下班跑得快已到机场,211077
2023-03-26 08:28:38,22,微博之夜,210882
2023-03-26 08:28:38,23,2岁萌娃给民警指路全靠默契,210538
2023-03-26 08:28:38,24,女子取钱后账户却莫名进账,210507
2023-03-26 08:28:38,25,只有妈妈会解读你的表情包,210240
2023-03-26 08:28:38,26,蔡徐坤扔墨镜,210108
2023-03-26 08:28:38,27,张译包场张颂文的新电影,209767
2023-03-26 08:28:38,28,古巨基加盟剧好听的歌,209502
2023-03-26 08:28:38,29,长空之王恭喜王一博获奖,209495
2023-03-26 08:28:38,30,郑钦文晋级,209442
2023-03-26 08:28:38,31,杨丞琳去了李荣浩演唱会,209419
2023-03-26 08:28:38,32,肖战说以锐志拓步前行逐光追梦,209326
2023-03-26 08:28:38,33,青岛AR灯光秀之夜,209255
2023-03-26 08:28:38,34,警方通报女子遭多名男子殴打,209211
2023-03-26 08:28:38,35,原来真的有猫会后空翻,209154
2023-03-26 08:28:38,36,仙剑一仙剑三剧粉都圆满了,209074
2023-03-26 08:28:38,37,章昊三公舞台,209035
2023-03-26 08:28:38,38,陆虎反正都是我巡演,208958
2023-03-26 08:28:38,39,郑容和当林俊杰演唱会嘉宾,208924
2023-03-26 08:28:38,40,突然收到高中同学的一封邮件,208841
2023-03-26 08:28:38,41,张大大以主持人身份加盟剧好听的歌,208739
2023-03-26 08:28:38,42,TF家族和你一起去做的第十九件事,208684
2023-03-26 08:28:38,43,这在传单界都是难以拒绝的,208644
2023-03-26 08:28:38,44,笑容逐渐消失的狗子,208581
2023-03-26 08:28:38,45,wink状态,208525
2023-03-26 08:28:38,46,大学最后悔学的专业是什么,208451
2023-03-26 08:28:38,47,领克08,208417
2023-03-26 08:28:38,48,微博之夜我圆满了,208305
2023-03-26 08:28:38,49,黄蜂战胜独行侠,208236
2023-03-26 08:32:38,1,赵灵儿李逍遥的十年之约,1690761
2023-03-26 08:32:38,2,刘亦菲微博Queen,1652681
2023-03-26 08:32:38,3,读懂中国式现代化,1393351
2023-03-26 08:32:38,4,微博之夜合照,1380363
2023-03-26 08:32:38,5,因航班延误缺考复试考研生崩溃大哭,961832
2023-03-26 08:32:38,6,胡歌微博King,846945
2023-03-26 08:32:38,7,杨幂刘诗诗牵手上台,837034
2023-03-26 08:32:38,8,李现扶完迪丽热巴扶杨紫,813192
2023-03-26 08:32:38,9,中华小当家原型去世,761900
2023-03-26 08:32:38,10,当事人回应因航班延误缺考研究生复试,684871
2023-03-26 08:32:38,11,周深真的很想逃,618535
2023-03-26 08:32:38,12,离职最后一天还被安排工作,349475
2023-03-26 08:32:38,13,哈尔滨一居民小区内发生爆炸,249826
2023-03-26 08:32:38,14,邓超分口香糖,239588
2023-03-26 08:32:38,15,公司女更衣室装监控近十年,224506
2023-03-26 08:32:38,16,王鹤棣虞书欣白鹿修罗场,224425
2023-03-26 08:32:38,17,微博之夜百花齐放,224413
2023-03-26 08:32:38,18,一张照片留住春天,224322
2023-03-26 08:32:38,19,住杭州豪宅的人每天多工作38分钟,224227
2023-03-26 08:32:38,20,苏州医生在湖南培训顺手救人,224132
2023-03-26 08:32:38,21,杨丞琳去了李荣浩演唱会,224028
2023-03-26 08:32:38,22,关晓彤 下班跑得快已到机场,224015
2023-03-26 08:32:38,23,微博之夜,223877
2023-03-26 08:32:38,24,2岁萌娃给民警指路全靠默契,223861
2023-03-26 08:32:38,25,只有妈妈会解读你的表情包,223741
2023-03-26 08:32:38,26,长空之王恭喜王一博获奖,223632
2023-03-26 08:32:38,27,女子取钱后账户却莫名进账,223569
2023-03-26 08:32:38,28,原来真的有猫会后空翻,223520
2023-03-26 08:32:38,29,蔡徐坤扔墨镜,223386
2023-03-26 08:32:38,30,青岛AR灯光秀之夜,223335
2023-03-26 08:32:38,31,张译包场张颂文的新电影,223296
2023-03-26 08:32:38,32,肖战说以锐志拓步前行逐光追梦,223264
2023-03-26 08:32:38,33,警方通报女子遭多名男子殴打,223243
2023-03-26 08:32:38,34,郑钦文晋级,223207
2023-03-26 08:32:38,35,仙剑一仙剑三剧粉都圆满了,223184
2023-03-26 08:32:38,36,古巨基加盟剧好听的歌,223161
2023-03-26 08:32:38,37,郑容和当林俊杰演唱会嘉宾,223120
2023-03-26 08:32:38,38,章昊三公舞台,223094
2023-03-26 08:32:38,39,肖战ES高定,223068
2023-03-26 08:32:38,40,突然收到高中同学的一封邮件,223016
2023-03-26 08:32:38,41,陆虎反正都是我巡演,222998
2023-03-26 08:32:38,42,张大大以主持人身份加盟剧好听的歌,222951
2023-03-26 08:32:38,43,这在传单界都是难以拒绝的,222937
2023-03-26 08:32:38,44,笑容逐渐消失的狗子,222875
2023-03-26 08:32:38,45,毛不易演唱会,222860
2023-03-26 08:32:38,46,wink状态,222837
2023-03-26 08:32:38,47,大学最后悔学的专业是什么,222788
2023-03-26 08:32:38,48,领克08,222767
2023-03-26 08:36:39,1,赵灵儿李逍遥的十年之约,1808906
2023-03-26 08:36:39,2,刘亦菲微博Queen,1660413
2023-03-26 08:36:39,3,读懂中国式现代化,1454244
2023-03-26 08:36:39,4,微博之夜合照,1420999
2023-03-26 08:36:39,5,因航班延误缺考复试考研生崩溃大哭,971656
2023-03-26 08:36:39,6,杨幂刘诗诗牵手上台,832459
2023-03-26 08:36:39,7,胡歌微博King,820954
2023-03-26 08:36:39,8,李现扶完迪丽热巴扶杨紫,816745
2023-03-26 08:36:39,9,中华小当家原型去世,799960
2023-03-26 08:36:39,10,当事人回应因航班延误缺考研究生复试,725600
2023-03-26 08:36:39,11,周深真的很想逃,707235
2023-03-26 08:36:39,12,离职最后一天还被安排工作,345296
2023-03-26 08:36:39,13,哈尔滨一居民小区内发生爆炸,236020
2023-03-26 08:36:39,14,邓超分口香糖,234719
2023-03-26 08:36:39,15,公司女更衣室装监控近十年,232129
2023-03-26 08:36:39,16,一张照片留住春天,231553
2023-03-26 08:36:39,17,微博之夜百花齐放,229881
2023-03-26 08:36:39,18,住杭州豪宅的人每天多工作38分钟,228793
2023-03-26 08:36:39,19,苏州医生在湖南培训顺手救人,228089
2023-03-26 08:36:39,20,长空之王恭喜王一博获奖,227219
2023-03-26 08:36:39,21,关晓彤 下班跑得快已到机场,225219
2023-03-26 08:36:39,22,王鹤棣虞书欣白鹿修罗场,224544
2023-03-26 08:36:39,23,2岁萌娃给民警指路全靠默契,222810
2023-03-26 08:36:39,24,只有妈妈会解读你的表情包,222423
2023-03-26 08:36:39,25,女子取钱后账户却莫名进账,220423
2023-03-26 08:36:39,26,青岛AR灯光秀之夜,218964
2023-03-26 08:36:39,27,微博之夜,218474
2023-03-26 08:36:39,28,明星微博之夜下班随拍,216507
2023-03-26 08:36:39,29,张译包场张颂文的新电影,216356
2023-03-26 08:36:39,30,原来真的有猫会后空翻,201842
2023-03-26 08:36:39,31,肖战说以锐志拓步前行逐光追梦,201734
2023-03-26 08:36:39,32,杨丞琳去了李荣浩演唱会,200419
2023-03-26 08:36:39,33,章昊三公舞台,199908
2023-03-26 08:36:39,34,蔡徐坤扔墨镜,199431
2023-03-26 08:36:39,35,古巨基加盟剧好听的歌,198872
2023-03-26 08:36:39,36,警方通报女子遭多名男子殴打,198151
2023-03-26 08:36:39,37,突然收到高中同学的一封邮件,197404
2023-03-26 08:36:39,38,这在传单界都是难以拒绝的,196947
2023-03-26 08:36:39,39,郑钦文晋级,196128
2023-03-26 08:36:39,40,wink状态,195710
2023-03-26 08:36:39,41,郑容和当林俊杰演唱会嘉宾,195097
2023-03-26 08:36:39,42,陆虎反正都是我巡演,194381
2023-03-26 08:36:39,43,张大大以主持人身份加盟剧好听的歌,193593
2023-03-26 08:36:39,44,毛不易演唱会,193392
2023-03-26 08:36:39,45,笑容逐渐消失的狗子,192842
2023-03-26 08:36:39,46,大学最后悔学的专业是什么,191887
2023-03-26 08:36:39,47,微博之夜世纪同框,191342
2023-03-26 08:36:39,48,领克08,190749
2023-03-26 08:36:39,49,黄蜂战胜独行侠,190380
2023-03-26 08:40:39,1,赵灵儿李逍遥的十年之约,1857564
2023-03-26 08:40:39,2,刘亦菲微博Queen,1581591
2023-03-26 08:40:39,3,读懂中国式现代化,1460263
2023-03-26 08:40:39,4,微博之夜合照,1408975
2023-03-26 08:40:39,5,李现扶完迪丽热巴扶杨紫,1056865
2023-03-26 08:40:39,6,因航班延误缺考复试考研生崩溃大哭,956572
2023-03-26 08:40:39,7,周深真的很想逃,925751
2023-03-26 08:40:39,8,中华小当家原型去世,794395
2023-03-26 08:40:39,9,离职最后一天还被安排工作,351398
2023-03-26 08:40:39,10,当事人回应因航班延误缺考研究生复试,287312
2023-03-26 08:40:39,11,胡歌微博King,285089
2023-03-26 08:40:39,12,杨幂刘诗诗牵手上台,271373
2023-03-26 08:40:39,13,邓超分口香糖,263892
2023-03-26 08:40:39,14,哈尔滨一居民小区内发生爆炸,243117
2023-03-26 08:40:39,15,公司女更衣室装监控近十年,236756
2023-03-26 08:40:39,16,明星微博之夜下班随拍,235903
2023-03-26 08:40:39,17,一张照片留住春天,234128
2023-03-26 08:40:39,18,苏州医生在湖南培训顺手救人,233481
2023-03-26 08:40:39,19,长空之王恭喜王一博获奖,231334
2023-03-26 08:40:39,20,住杭州豪宅的人每天多工作38分钟,230608
2023-03-26 08:40:39,21,关晓彤 下班跑得快已到机场,229000
2023-03-26 08:40:39,22,微博之夜百花齐放,227710
2023-03-26 08:40:39,23,2岁萌娃给民警指路全靠默契,226695
2023-03-26 08:40:39,24,只有妈妈会解读你的表情包,225309
2023-03-26 08:40:39,25,原来真的有猫会后空翻,223376
2023-03-26 08:40:39,26,肖战说以锐志拓步前行逐光追梦,221856
2023-03-26 08:40:39,27,王鹤棣虞书欣白鹿修罗场,220717
2023-03-26 08:40:39,28,微博之夜,219171
2023-03-26 08:40:39,29,青岛AR灯光秀之夜,218645
2023-03-26 08:40:39,30,女子取钱后账户却莫名进账,216526
2023-03-26 08:40:39,31,杨丞琳去了李荣浩演唱会,216258
2023-03-26 08:40:39,32,张译包场张颂文的新电影,215015
2023-03-26 08:40:39,33,章昊三公舞台,213983
2023-03-26 08:40:39,34,古巨基加盟剧好听的歌,213448
2023-03-26 08:40:39,35,突然收到高中同学的一封邮件,212011
2023-03-26 08:40:39,36,陆虎反正都是我巡演,211723
2023-03-26 08:40:39,37,警方通报女子遭多名男子殴打,209901
2023-03-26 08:40:39,38,这在传单界都是难以拒绝的,208656
2023-03-26 08:40:39,39,wink状态,208388
2023-03-26 08:40:39,40,郑钦文晋级,206943
2023-03-26 08:40:39,41,郑容和当林俊杰演唱会嘉宾,205628
2023-03-26 08:40:39,42,张大大以主持人身份加盟剧好听的歌,204706
2023-03-26 08:40:39,43,蔡徐坤扔墨镜,204385
2023-03-26 08:40:39,44,毛不易演唱会,204207
2023-03-26 08:40:39,45,TF家族和你一起去做的第十九件事,203972
2023-03-26 08:40:39,46,大学最后悔学的专业是什么,203395
2023-03-26 08:40:39,47,笑容逐渐消失的狗子,203210
2023-03-26 08:40:39,48,领克08,202651
2023-03-26 08:40:39,49,黄蜂战胜独行侠,202478
2023-03-26 08:44:40,1,赵灵儿李逍遥的十年之约,1901919
2023-03-26 08:44:40,2,刘亦菲微博Queen,1524577
2023-03-26 08:44:40,3,读懂中国式现代化,1388272
2023-03-26 08:44:40,4,微博之夜合照,1356396
2023-03-26 08:44:40,5,周深真的很想逃,1049919
2023-03-26 08:44:40,6,李现扶完迪丽热巴扶杨紫,1047766
2023-03-26 08:44:40,7,因航班延误缺考复试考研生崩溃大哭,931704
2023-03-26 08:44:40,8,中华小当家原型去世,765203
2023-03-26 08:44:40,9,离职最后一天还被安排工作,360009
2023-03-26 08:44:40,10,当事人回应因航班延误缺考研究生复试,303650
2023-03-26 08:44:40,11,胡歌微博King,293625
2023-03-26 08:44:40,12,杨幂刘诗诗牵手上台,272811
2023-03-26 08:44:40,13,明星微博之夜下班随拍,269481
2023-03-26 08:44:40,14,哈尔滨一居民小区内发生爆炸,247649
2023-03-26 08:44:40,15,公司女更衣室装监控近十年,234904
2023-03-26 08:44:40,16,邓超分口香糖,234152
2023-03-26 08:44:40,17,一张照片留住春天,233983
2023-03-26 08:44:40,18,苏州医生在湖南培训顺手救人,233157
2023-03-26 08:44:40,19,长空之王恭喜王一博获奖,232216
2023-03-26 08:44:40,20,住杭州豪宅的人每天多工作38分钟,231192
2023-03-26 08:44:40,21,关晓彤 下班跑得快已到机场,230496
2023-03-26 08:44:40,22,微博之夜百花齐放,229896
2023-03-26 08:44:40,23,2岁萌娃给民警指路全靠默契,228965
2023-03-26 08:44:40,24,只有妈妈会解读你的表情包,228650
2023-03-26 08:44:40,25,原来真的有猫会后空翻,227740
2023-03-26 08:44:40,26,肖战说以锐志拓步前行逐光追梦,226981
2023-03-26 08:44:40,27,杨丞琳去了李荣浩演唱会,226461
2023-03-26 08:44:40,28,王鹤棣虞书欣白鹿修罗场,225575
2023-03-26 08:44:40,29,女子取钱后账户却莫名进账,224813
2023-03-26 08:44:40,30,这在传单界都是难以拒绝的,224226
2023-03-26 08:44:40,31,微博之夜,223023
2023-03-26 08:44:40,32,张译包场张颂文的新电影,222727
2023-03-26 08:44:40,33,章昊三公舞台,222610
2023-03-26 08:44:40,34,古巨基加盟剧好听的歌,221932
2023-03-26 08:44:40,35,突然收到高中同学的一封邮件,220782
2023-03-26 08:44:40,36,陆虎反正都是我巡演,219938
2023-03-26 08:44:40,37,警方通报女子遭多名男子殴打,219669
2023-03-26 08:44:40,38,谷爱凌好可爱,218357
2023-03-26 08:44:40,39,青岛AR灯光秀之夜,218256
2023-03-26 08:44:40,40,wink状态,217309
2023-03-26 08:44:40,41,郑容和当林俊杰演唱会嘉宾,216347
2023-03-26 08:44:40,42,张大大以主持人身份加盟剧好听的歌,216140
2023-03-26 08:44:40,43,毛不易演唱会,215329
2023-03-26 08:44:40,44,TF家族和你一起去做的第十九件事,214436
2023-03-26 08:44:40,45,笑容逐渐消失的狗子,213849
2023-03-26 08:44:40,46,大学最后悔学的专业是什么,212633
2023-03-26 08:44:40,47,郑钦文晋级,212168
2023-03-26 08:44:40,48,微博之夜我圆满了,211285
2023-03-26 08:44:40,49,领克08,210567
2023-03-26 08:48:40,1,赵灵儿李逍遥的十年之约,1704643
2023-03-26 08:48:40,2,刘亦菲微博Queen,1540482
2023-03-26 08:48:40,3,读懂中国式现代化,1396402
2023-03-26 08:48:40,4,微博之夜合照,1356161
2023-03-26 08:48:40,5,周深真的很想逃,1130917
2023-03-26 08:48:40,6,李现扶完迪丽热巴扶杨紫,1006210
2023-03-26 08:48:40,7,因航班延误缺考复试考研生崩溃大哭,907662
2023-03-26 08:48:40,8,中华小当家原型去世,760383
2023-03-26 08:48:40,9,离职最后一天还被安排工作,355123
2023-03-26 08:48:40,10,当事人回应因航班延误缺考研究生复试,312357
2023-03-26 08:48:40,11,胡歌微博King,300282
2023-03-26 08:48:40,12,杨幂刘诗诗牵手上台,283117
2023-03-26 08:48:40,13,明星微博之夜下班随拍,267945
2023-03-26 08:48:40,14,哈尔滨一居民小区内发生爆炸,245899
2023-03-26 08:48:40,15,公司女更衣室装监控近十年,232487
2023-03-26 08:48:40,16,邓超分口香糖,232438
2023-03-26 08:48:40,17,一张照片留住春天,231569
2023-03-26 08:48:40,18,苏州医生在湖南培训顺手救人,230420
2023-03-26 08:48:40,19,肖战跑着下班,229778
2023-03-26 08:48:40,20,住杭州豪宅的人每天多工作38分钟,229244
2023-03-26 08:48:40,21,2岁萌娃给民警指路全靠默契,228030
2023-03-26 08:48:40,22,长空之王恭喜王一博获奖,227518
2023-03-26 08:48:40,23,只有妈妈会解读你的表情包,226734
2023-03-26 08:48:40,24,原来真的有猫会后空翻,225710
2023-03-26 08:48:40,25,微博之夜百花齐放,225149
2023-03-26 08:48:40,26,关晓彤 下班跑得快已到机场,224497
2023-03-26 08:48:40,27,杨丞琳去了李荣浩演唱会,223751
2023-03-26 08:48:40,28,肖战说以锐志拓步前行逐光追梦,223314
2023-03-26 08:48:40,29,微博之夜,222629
2023-03-26 08:48:40,30,女子取钱后账户却莫名进账,221781
2023-03-26 08:48:40,31,王鹤棣虞书欣白鹿修罗场,220983
2023-03-26 08:48:40,32,张译包场张颂文的新电影,220437
2023-03-26 08:48:40,33,这在传单界都是难以拒绝的,220427
2023-03-26 08:48:40,34,警方通报女子遭多名男子殴打,220344
2023-03-26 08:48:40,35,wink状态,220304
2023-03-26 08:48:40,36,宣璐簪花妆,220241
2023-03-26 08:48:40,37,陆虎反正都是我巡演,220150
2023-03-26 08:48:40,38,古巨基加盟剧好听的歌,220111
2023-03-26 08:48:40,39,突然收到高中同学的一封邮件,220061
2023-03-26 08:48:40,40,大学最后悔学的专业是什么,219988
2023-03-26 08:48:40,41,章昊三公舞台,219924
2023-03-26 08:48:40,42,郑容和当林俊杰演唱会嘉宾,219885
2023-03-26 08:48:40,43,青岛AR灯光秀之夜,219792
2023-03-26 08:48:40,44,张大大以主持人身份加盟剧好听的歌,219739
2023-03-26 08:48:40,45,85花同台,219709
2023-03-26 08:48:40,46,笑容逐渐消失的狗子,219644
2023-03-26 08:48:40,47,郑钦文晋级,219571
2023-03-26 08:48:40,48,领克08,219478
2023-03-26 08:48:40,49,黄蜂战胜独行侠,219417
2023-03-26 08:52:41,1,赵灵儿李逍遥的十年之约,1846286
2023-03-26 08:52:41,2,刘亦菲微博Queen,1641379
2023-03-26 08:52:41,3,读懂中国式现代化,1438089
2023-03-26 08:52:41,4,微博之夜合照,1355628
2023-03-26 08:52:41,5,周深真的很想逃,1171813
2023-03-26 08:52:41,6,李现扶完迪丽热巴扶杨紫,1000979
2023-03-26 08:52:41,7,因航班延误缺考复试考研生崩溃大哭,857550
2023-03-26 08:52:41,8,中华小当家原型去世,750052
2023-03-26 08:52:41,9,离职最后一天还被安排工作,371334
2023-03-26 08:52:41,10,当事人回应因航班延误缺考研究生复试,328587
2023-03-26 08:52:41,11,胡歌微博King,313847
2023-03-26 08:52:41,12,杨幂刘诗诗牵手上台,287063
2023-03-26 08:52:41,13,明星微博之夜下班随拍,281819
2023-03-26 08:52:41,14,哈尔滨一居民小区内发生爆炸,239820
2023-03-26 08:52:41,15,公司女更衣室装监控近十年,235328
2023-03-26 08:52:41,16,肖战跑着下班,234618
2023-03-26 08:52:41,17,一张照片留住春天,233629
2023-03-26 08:52:41,18,住杭州豪宅的人每天多工作38分钟,232643
2023-03-26 08:52:41,19,邓超分口香糖,231319
2023-03-26 08:52:41,20,苏州医生在湖南培训顺手救人,230033
2023-03-26 08:52:41,21,2岁萌娃给民警指路全靠默契,229268
2023-03-26 08:52:41,22,长空之王恭喜王一博获奖,227724
2023-03-26 08:52:41,23,只有妈妈会解读你的表情包,227399
2023-03-26 08:52:41,24,原来真的有猫会后空翻,225305
2023-03-26 08:52:41,25,微博之夜百花齐放,224793
2023-03-26 08:52:41,26,杨丞琳去了李荣浩演唱会,223506
2023-03-26 08:52:41,27,关晓彤 下班跑得快已到机场,222845
2023-03-26 08:52:41,28,肖战说以锐志拓步前行逐光追梦,220986
2023-03-26 08:52:41,29,微博之夜,220410
2023-03-26 08:52:41,30,女子取钱后账户却莫名进账,219131
2023-03-26 08:52:41,31,王鹤棣虞书欣白鹿修罗场,218011
2023-03-26 08:52:41,32,张译包场张颂文的新电影,217297
2023-03-26 08:52:41,33,这在传单界都是难以拒绝的,217223
2023-03-26 08:52:41,34,大学最后悔学的专业是什么,217113
2023-03-26 08:52:41,35,wink状态,217015
2023-03-26 08:52:41,36,宣璐簪花妆,216932
2023-03-26 08:52:41,37,陆虎反正都是我巡演,216795
2023-03-26 08:52:41,38,警方通报女子遭多名男子殴打,216652
2023-03-26 08:52:41,39,突然收到高中同学的一封邮件,216560
2023-03-26 08:52:41,40,郑钦文晋级,216400
2023-03-26 08:52:41,41,古巨基加盟剧好听的歌,216239
2023-03-26 08:52:41,42,章昊三公舞台,216202
2023-03-26 08:52:41,43,郑容和当林俊杰演唱会嘉宾,216039
2023-03-26 08:52:41,44,张大大以主持人身份加盟剧好听的歌,215912
2023-03-26 08:52:41,45,TF家族和你一起去做的第十九件事,215845
2023-03-26 08:52:41,46,青岛AR灯光秀之夜,215682
2023-03-26 08:52:41,47,笑容逐渐消失的狗子,215526
2023-03-26 08:52:41,48,领克08,215478
2023-03-26 08:56:41,1,赵灵儿李逍遥的十年之约,1800251
2023-03-26 08:56:41,2,微博之夜合照,1405066
2023-03-26 08:56:41,3,读懂中国式现代化,1173227
2023-03-26 08:56:41,4,刘亦菲微博Queen,1172444
2023-03-26 08:56:41,5,周深真的很想逃,1155539
2023-03-26 08:56:41,6,李现扶完迪丽热巴扶杨紫,1014492
2023-03-26 08:56:41,7,因航班延误缺考复试考研生崩溃大哭,809695
2023-03-26 08:56:41,8,中华小当家原型去世,762009
2023-03-26 08:56:41,9,离职最后一天还被安排工作,378233
2023-03-26 08:56:41,10,当事人回应因航班延误缺考研究生复试,346936
2023-03-26 08:56:41,11,胡歌微博King,299871
2023-03-26 08:56:41,12,杨幂刘诗诗牵手上台,299285
2023-03-26 08:56:41,13,明星微博之夜下班随拍,296416
2023-03-26 08:56:41,14,哈尔滨一居民小区内发生爆炸,246376
2023-03-26 08:56:41,15,公司女更衣室装监控近十年,229705
2023-03-26 08:56:41,16,肖战跑着下班,229486
2023-03-26 08:56:41,17,一张照片留住春天,228754
2023-03-26 08:56:41,18,住杭州豪宅的人每天多工作38分钟,227306
2023-03-26 08:56:41,19,邓超分口香糖,226656
2023-03-26 08:56:41,20,苏州医生在湖南培训顺手救人,225330
2023-03-26 08:56:41,21,杨丞琳去了李荣浩演唱会,224282
2023-03-26 08:56:41,22,微博之夜百花齐放,223641
2023-03-26 08:56:41,23,2岁萌娃给民警指路全靠默契,222809
2023-03-26 08:56:41,24,只有妈妈会解读你的表情包,221661
2023-03-26 08:56:41,25,原来真的有猫会后空翻,220672
2023-03-26 08:56:41,26,长空之王恭喜王一博获奖,220376
2023-03-26 08:56:41,27,关晓彤 下班跑得快已到机场,219392
2023-03-26 08:56:41,28,微博之夜,218179
2023-03-26 08:56:41,29,肖战说以锐志拓步前行逐光追梦,216871
2023-03-26 08:56:41,30,女子取钱后账户却莫名进账,215865
2023-03-26 08:56:41,31,王鹤棣虞书欣白鹿修罗场,215620
2023-03-26 08:56:41,32,张译包场张颂文的新电影,214924
2023-03-26 08:56:41,33,这在传单界都是难以拒绝的,192567
2023-03-26 08:56:41,34,大学最后悔学的专业是什么,190655
2023-03-26 08:56:41,35,wink状态,189228
2023-03-26 08:56:41,36,宣璐簪花妆,189199
2023-03-26 08:56:41,37,陆虎反正都是我巡演,189125
2023-03-26 08:56:41,38,古巨基加盟剧好听的歌,189014
2023-03-26 08:56:41,39,警方通报女子遭多名男子殴打,188816
2023-03-26 08:56:41,40,突然收到高中同学的一封邮件,188723
2023-03-26 08:56:41,41,蔡徐坤扔墨镜,188661
2023-03-26 08:56:41,42,章昊三公舞台,188489
2023-03-26 08:56:41,43,郑钦文晋级,188389
2023-03-26 08:56:41,44,张大大以主持人身份加盟剧好听的歌,188190
2023-03-26 08:56:41,45,郑容和当林俊杰演唱会嘉宾,188142
2023-03-26 08:56:41,46,青岛AR灯光秀之夜,188029
2023-03-26 08:56:41,47,笑容逐渐消失的狗子,187786
2023-03-26 08:56:41,48,黄蜂战胜独行侠,187666
2023-03-26 09:00:41,1,赵灵儿李逍遥的十年之约,1846924
2023-03-26 09:00:41,2,中华小当家原型去世,785750
2023-03-26 09:00:41,3,读懂中国式现代化,766550
2023-03-26 09:00:41,4,刘亦菲微博Queen,763981
2023-03-26 09:00:41,5,因航班延误缺考复试考研生崩溃大哭,749084
2023-03-26 09:00:41,6,杨丞琳去了李荣浩演唱会,447944
2023-03-26 09:00:41,7,微博之夜合照,433787
2023-03-26 09:00:41,8,当事人回应因航班延误缺考研究生复试,370936
2023-03-26 09:00:41,9,离职最后一天还被安排工作,365443
2023-03-26 09:00:41,10,哈尔滨一居民小区内发生爆炸,252783
2023-03-26 09:00:41,11,周深真的很想逃,251882
2023-03-26 09:00:41,12,公司女更衣室装监控近十年,235839
2023-03-26 09:00:41,13,张译包场张颂文的新电影,206438
2023-03-26 09:00:41,14,李现扶完迪丽热巴扶杨紫,205421
2023-03-26 09:00:41,15,一张照片留住春天,204514
2023-03-26 09:00:41,16,宣璐簪花妆,203766
2023-03-26 09:00:41,17,明星微博之夜下班随拍,201783
2023-03-26 09:00:41,18,住杭州豪宅的人每天多工作38分钟,201082
2023-03-26 09:00:41,19,陆虎反正都是我巡演,197550
2023-03-26 09:00:41,20,苏州医生在湖南培训顺手救人,195050
2023-03-26 09:00:41,21,胡歌微博King,193023
2023-03-26 09:00:41,22,2岁萌娃给民警指路全靠默契,192163
2023-03-26 09:00:41,23,原来真的有猫会后空翻,192072
2023-03-26 09:00:41,24,杨幂刘诗诗牵手上台,192001
2023-03-26 09:00:41,25,只有妈妈会解读你的表情包,191866
2023-03-26 09:00:41,26,肖战跑着下班,191811
2023-03-26 09:00:41,27,女子取钱后账户却莫名进账,191736
2023-03-26 09:00:41,28,邓超分口香糖,191655
2023-03-26 09:00:41,29,这在传单界都是难以拒绝的,191487
2023-03-26 09:00:41,30,wink状态,191433
2023-03-26 09:00:41,31,关晓彤 下班跑得快已到机场,191365
2023-03-26 09:00:41,32,大学最后悔学的专业是什么,191212
2023-03-26 09:00:41,33,长空之王恭喜王一博获奖,191087
2023-03-26 09:00:41,34,郑钦文晋级,190985
2023-03-26 09:00:41,35,警方通报女子遭多名男子殴打,190893
2023-03-26 09:00:41,36,微博之夜百花齐放,190783
2023-03-26 09:00:41,37,突然收到高中同学的一封邮件,190743
2023-03-26 09:00:41,38,青岛AR灯光秀之夜,190583
2023-03-26 09:00:41,39,肖战说以锐志拓步前行逐光追梦,190480
2023-03-26 09:00:41,40,笑容逐渐消失的狗子,190426
2023-03-26 09:00:41,41,张大大以主持人身份加盟剧好听的歌,190345
2023-03-26 09:00:41,42,微博之夜,190253
2023-03-26 09:00:41,43,古巨基加盟剧好听的歌,190138
2023-03-26 09:00:41,44,章昊三公舞台,190069
2023-03-26 09:00:41,45,王鹤棣虞书欣白鹿修罗场,189921
2023-03-26 09:00:41,46,郑容和当林俊杰演唱会嘉宾,189881
2023-03-26 09:00:41,47,TF家族和你一起去做的第十九件事,189753
2023-03-26 09:00:41,48,毛不易演唱会,189585
2023-03-26 09:00:41,49,黄蜂战胜独行侠,189562
2023-03-26 09:04:42,1,赵灵儿李逍遥的十年之约,1975007
2023-03-26 09:04:42,2,因航班延误缺考复试考研生崩溃大哭,844862
2023-03-26 09:04:42,3,读懂中国式现代化,824342
2023-03-26 09:04:42,4,刘亦菲微博Queen,823516
2023-03-26 09:04:42,5,中华小当家原型去世,822335
2023-03-26 09:04:42,6,杨丞琳去了李荣浩演唱会,455069
2023-03-26 09:04:42,7,微博之夜合照,450380
2023-03-26 09:04:42,8,当事人回应因航班延误缺考研究生复试,401088
2023-03-26 09:04:42,9,离职最后一天还被安排工作,369558
2023-03-26 09:04:42,10,哈尔滨一居民小区内发生爆炸,259260
2023-03-26 09:04:42,11,周深真的很想逃,257889
2023-03-26 09:04:42,12,公司女更衣室装监控近十年,241912
2023-03-26 09:04:42,13,宣璐簪花妆,218108
2023-03-26 09:04:42,14,李现扶完迪丽热巴扶杨紫,217525
2023-03-26 09:04:42,15,一张照片留住春天,216741
2023-03-26 09:04:42,16,张译包场张颂文的新电影,216596
2023-03-26 09:04:42,17,胡歌微博King,215929
2023-03-26 09:04:42,18,住杭州豪宅的人每天多工作38分钟,213128
2023-03-26 09:04:42,19,苏州医生在湖南培训顺手救人,211592
2023-03-26 09:04:42,20,陆虎反正都是我巡演,208967
2023-03-26 09:04:42,21,杨幂刘诗诗牵手上台,207903
2023-03-26 09:04:42,22,明星微博之夜下班随拍,204608
2023-03-26 09:04:42,23,2岁萌娃给民警指路全靠默契,204432
2023-03-26 09:04:42,24,只有妈妈会解读你的表情包,204419
2023-03-26 09:04:42,25,原来真的有猫会后空翻,204367
2023-03-26 09:04:42,26,肖战跑着下班,204319
2023-03-26 09:04:42,27,女子取钱后账户却莫名进账,204279
2023-03-26 09:04:42,28,这在传单界都是难以拒绝的,204263
2023-03-26 09:04:42,29,关晓彤 下班跑得快已到机场,204225
2023-03-26 09:04:42,30,大学最后悔学的专业是什么,204195
2023-03-26 09:04:42,31,wink状态,204140
2023-03-26 09:04:42,32,邓超分口香糖,204091
2023-03-26 09:04:42,33,警方通报女子遭多名男子殴打,204077
2023-03-26 09:04:42,34,郑钦文晋级,204028
2023-03-26 09:04:42,35,微博之夜百花齐放,203971
2023-03-26 09:04:42,36,青岛AR灯光秀之夜,203935
2023-03-26 09:04:42,37,突然收到高中同学的一封邮件,203929
2023-03-26 09:04:42,38,长空之王恭喜王一博获奖,203881
2023-03-26 09:04:42,39,谷爱凌好可爱,203839
2023-03-26 09:04:42,40,笑容逐渐消失的狗子,203808
2023-03-26 09:04:42,41,85花同台,203755
2023-03-26 09:04:42,42,微博之夜,203724
2023-03-26 09:04:42,43,古巨基加盟剧好听的歌,203694
2023-03-26 09:04:42,44,郑容和当林俊杰演唱会嘉宾,203634
2023-03-26 09:04:42,45,肖战说以锐志拓步前行逐光追梦,203586
2023-03-26 09:04:42,46,章昊三公舞台,203552
2023-03-26 09:04:42,47,张大大以主持人身份加盟剧好听的歌,203512
2023-03-26 09:04:42,48,王鹤棣虞书欣白鹿修罗场,203493
2023-03-26 09:04:42,49,TF家族和你一起去做的第十九件事,203452
2023-03-26 09:08:42,1,赵灵儿李逍遥的十年之约,1878756
2023-03-26 09:08:42,2,因航班延误缺考复试考研生崩溃大哭,920754
2023-03-26 09:08:42,3,读懂中国式现代化,875911
2023-03-26 09:08:42,4,刘亦菲微博Queen,861888
2023-03-26 09:08:42,5,中华小当家原型去世,847006
2023-03-26 09:08:42,6,杨丞琳去了李荣浩演唱会,463111
2023-03-26 09:08:42,7,微博之夜合照,459238
2023-03-26 09:08:42,8,当事人回应因航班延误缺考研究生复试,433036
2023-03-26 09:08:42,9,离职最后一天还被安排工作,382813
2023-03-26 09:08:42,10,哈尔滨一居民小区内发生爆炸,267527
2023-03-26 09:08:42,11,周深真的很想逃,266554
2023-03-26 09:08:42,12,微博之夜荣誉名单,262821
2023-03-26 09:08:42,13,公司女更衣室装监控近十年,249804
2023-03-26 09:08:42,14,李现扶完迪丽热巴扶杨紫,237665
2023-03-26 09:08:42,15,一张照片留住春天,226781
2023-03-26 09:08:42,16,张译包场张颂文的新电影,224851
2023-03-26 09:08:42,17,胡歌微博King,222168
2023-03-26 09:08:42,18,宣璐簪花妆,220607
2023-03-26 09:08:42,19,住杭州豪宅的人每天多工作38分钟,218955
2023-03-26 09:08:42,20,苏州医生在湖南培训顺手救人,213817
2023-03-26 09:08:42,21,杨幂刘诗诗牵手上台,212466
2023-03-26 09:08:42,22,2岁萌娃给民警指路全靠默契,210115
2023-03-26 09:08:42,23,只有妈妈会解读你的表情包,209674
2023-03-26 09:08:42,24,明星微博之夜下班随拍,209374
2023-03-26 09:08:42,25,陆虎反正都是我巡演,208987
2023-03-26 09:08:42,26,原来真的有猫会后空翻,208119
2023-03-26 09:08:42,27,肖战跑着下班,207934
2023-03-26 09:08:42,28,女子取钱后账户却莫名进账,207009
2023-03-26 09:08:42,29,这在传单界都是难以拒绝的,206633
2023-03-26 09:08:42,30,关晓彤 下班跑得快已到机场,206200
2023-03-26 09:08:42,31,大学最后悔学的专业是什么,205752
2023-03-26 09:08:42,32,wink状态,204985
2023-03-26 09:08:42,33,微博之夜百花齐放,204563
2023-03-26 09:08:42,34,警方通报女子遭多名男子殴打,203950
2023-03-26 09:08:42,35,青岛AR灯光秀之夜,203605
2023-03-26 09:08:42,36,邓超分口香糖,202998
2023-03-26 09:08:42,37,笑容逐渐消失的狗子,202136
2023-03-26 09:08:42,38,郑钦文晋级,201675
2023-03-26 09:08:42,39,微博之夜,201088
2023-03-26 09:08:42,40,突然收到高中同学的一封邮件,200679
2023-03-26 09:08:42,41,古巨基加盟剧好听的歌,200339
2023-03-26 09:08:42,42,长空之王恭喜王一博获奖,199831
2023-03-26 09:08:42,43,张大大以主持人身份加盟剧好听的歌,199368
2023-03-26 09:08:42,44,黄蜂战胜独行侠,198691
2023-03-26 09:08:42,45,肖战说以锐志拓步前行逐光追梦,198324
2023-03-26 09:08:42,46,郑容和当林俊杰演唱会嘉宾,197609
2023-03-26 09:08:42,47,章昊三公舞台,197069
2023-03-26 09:08:42,48,85花都是高定,196441
2023-03-26 09:08:42,49,领克08,195787
2023-03-26 09:12:43,1,因航班延误缺考复试考研生崩溃大哭,926123
2023-03-26 09:12:43,2,中华小当家原型去世,819207
2023-03-26 09:12:43,3,读懂中国式现代化,636947
2023-03-26 09:12:43,4,赵灵儿李逍遥的十年之约,627146
2023-03-26 09:12:43,5,杨丞琳去了李荣浩演唱会,499217
2023-03-26 09:12:43,6,当事人回应因航班延误缺考研究生复试,414728
2023-03-26 09:12:43,7,刘亦菲微博Queen,411029
2023-03-26 09:12:43,8,离职最后一天还被安排工作,385033
2023-03-26 09:12:43,9,微博之夜荣誉名单,370801
2023-03-26 09:12:43,10,微博之夜合照,339847
2023-03-26 09:12:43,11,洪都拉斯宣布与台湾断绝外交关系,334900
2023-03-26 09:12:43,12,哈尔滨一居民小区内发生爆炸,262111
2023-03-26 09:12:43,13,李现扶完迪丽热巴扶杨紫,254542
2023-03-26 09:12:43,14,公司女更衣室装监控近十年,242545
2023-03-26 09:12:43,15,一张照片留住春天,230405
2023-03-26 09:12:43,16,周深真的很想逃,228919
2023-03-26 09:12:43,17,张译包场张颂文的新电影,225773
2023-03-26 09:12:43,18,陆虎反正都是我巡演,216218
2023-03-26 09:12:43,19,胡歌微博King,211515
2023-03-26 09:12:43,20,住杭州豪宅的人每天多工作38分钟,206969
2023-03-26 09:12:43,21,2岁萌娃给民警指路全靠默契,206808
2023-03-26 09:12:43,22,明星微博之夜下班随拍,206604
2023-03-26 09:12:43,23,只有妈妈会解读你的表情包,206408
2023-03-26 09:12:43,24,宣璐簪花妆,205846
2023-03-26 09:12:43,25,杨幂刘诗诗牵手上台,205672
2023-03-26 09:12:43,26,原来真的有猫会后空翻,205192
2023-03-26 09:12:43,27,苏州医生在湖南培训顺手救人,204607
2023-03-26 09:12:43,28,肖战跑着下班,204424
2023-03-26 09:12:43,29,女子取钱后账户却莫名进账,204111
2023-03-26 09:12:43,30,这在传单界都是难以拒绝的,203466
2023-03-26 09:12:43,31,关晓彤 下班跑得快已到机场,203443
2023-03-26 09:12:43,32,大学最后悔学的专业是什么,202894
2023-03-26 09:12:43,33,wink状态,202658
2023-03-26 09:12:43,34,微博之夜百花齐放,202093
2023-03-26 09:12:43,35,青岛AR灯光秀之夜,201945
2023-03-26 09:12:43,36,警方通报女子遭多名男子殴打,201472
2023-03-26 09:12:43,37,微博之夜,201105
2023-03-26 09:12:43,38,笑容逐渐消失的狗子,200741
2023-03-26 09:12:43,39,蔡徐坤扔墨镜,200254
2023-03-26 09:12:43,40,邓超分口香糖,199849
2023-03-26 09:12:43,41,张大大以主持人身份加盟剧好听的歌,199394
2023-03-26 09:12:43,42,郑容和当林俊杰演唱会嘉宾,199205
2023-03-26 09:12:43,43,长空之王恭喜王一博获奖,198805
2023-03-26 09:12:43,44,古巨基加盟剧好听的歌,198406
2023-03-26 09:12:43,45,章昊三公舞台,198162
2023-03-26 09:12:43,46,毛不易演唱会,197831
2023-03-26 09:12:43,47,突然收到高中同学的一封邮件,197227
2023-03-26 09:12:43,48,郑钦文晋级,196778
2023-03-26 09:16:43,1,洪都拉斯宣布与台湾断绝外交关系,1695907
2023-03-26 09:16:43,2,因航班延误缺考复试考研生崩溃大哭,862109
2023-03-26 09:16:43,3,读懂中国式现代化,857530
2023-03-26 09:16:43,4,赵灵儿李逍遥的十年之约,857086
2023-03-26 09:16:43,5,中华小当家原型去世,855790
2023-03-26 09:16:43,6,杨丞琳去了李荣浩演唱会,535503
2023-03-26 09:16:43,7,刘亦菲微博Queen,533518
2023-03-26 09:16:43,8,离职最后一天还被安排工作,384326
2023-03-26 09:16:43,9,当事人回应因航班延误缺考研究生复试,379834
2023-03-26 09:16:43,10,微博之夜合照,344199
2023-03-26 09:16:43,11,哈尔滨一居民小区内发生爆炸,243341
2023-03-26 09:16:43,12,公司女更衣室装监控近十年,236337
2023-03-26 09:16:43,13,李现扶完迪丽热巴扶杨紫,228140
2023-03-26 09:16:43,14,张译包场张颂文的新电影,211135
2023-03-26 09:16:43,15,一张照片留住春天,211002
2023-03-26 09:16:43,16,周深真的很想逃,210553
2023-03-26 09:16:43,17,微博之夜荣誉名单,209973
2023-03-26 09:16:43,18,陆虎反正都是我巡演,209742
2023-03-26 09:16:43,19,住杭州豪宅的人每天多工作38分钟,209195
2023-03-26 09:16:43,20,明星微博之夜下班随拍,208821
2023-03-26 09:16:43,21,2岁萌娃给民警指路全靠默契,208644
2023-03-26 09:16:43,22,只有妈妈会解读你的表情包,208424
2023-03-26 09:16:43,23,胡歌微博King,208103
2023-03-26 09:16:43,24,原来真的有猫会后空翻,207791
2023-03-26 09:16:43,25,苏州医生在湖南培训顺手救人,207559
2023-03-26 09:16:43,26,肖战跑着下班,207136
2023-03-26 09:16:43,27,这在传单界都是难以拒绝的,206803
2023-03-26 09:16:43,28,杨幂刘诗诗牵手上台,206571
2023-03-26 09:16:43,29,女子取钱后账户却莫名进账,206407
2023-03-26 09:16:43,30,大学最后悔学的专业是什么,205860
2023-03-26 09:16:43,31,关晓彤 下班跑得快已到机场,205600
2023-03-26 09:16:43,32,wink状态,205410
2023-03-26 09:16:43,33,警方通报女子遭多名男子殴打,204965
2023-03-26 09:16:43,34,微博之夜百花齐放,204735
2023-03-26 09:16:43,35,笑容逐渐消失的狗子,204408
2023-03-26 09:16:43,36,张大大以主持人身份加盟剧好听的歌,204233
2023-03-26 09:16:43,37,邓超分口香糖,203787
2023-03-26 09:16:43,38,古巨基加盟剧好听的歌,203488
2023-03-26 09:16:43,39,突然收到高中同学的一封邮件,203208
2023-03-26 09:16:43,40,青岛AR灯光秀之夜,202931
2023-03-26 09:16:43,41,微博之夜,202634
2023-03-26 09:16:43,42,宣璐簪花妆,202328
2023-03-26 09:16:43,43,章昊三公舞台,201925
2023-03-26 09:16:43,44,长空之王恭喜王一博获奖,201717
2023-03-26 09:16:43,45,郑容和当林俊杰演唱会嘉宾,201439
2023-03-26 09:16:43,46,毛不易演唱会,201048
2023-03-26 09:16:43,47,TF家族和你一起去做的第十九件事,200857
2023-03-26 09:16:43,48,痛仰 深圳,200285
2023-03-26 09:16:43,49,黄蜂战胜独行侠,199993
2023-03-26 09:20:43,1,洪都拉斯宣布与台湾断绝外交关系,2397415
2023-03-26 09:20:43,2,中华小当家原型去世,879341
2023-03-26 09:20:43,3,读懂中国式现代化,809717
2023-03-26 09:20:43,4,赵灵儿李逍遥的十年之约,808144
2023-03-26 09:20:43,5,因航班延误缺考复试考研生崩溃大哭,794307
2023-03-26 09:20:43,6,杨丞琳去了李荣浩演唱会,554099
2023-03-26 09:20:43,7,刘亦菲微博Queen,529042
2023-03-26 09:20:43,8,当事人回应因航班延误缺考研究生复试,382919
2023-03-26 09:20:43,9,离职最后一天还被安排工作,382655
2023-03-26 09:20:43,10,微博之夜合照,374330
2023-03-26 09:20:43,11,公司女更衣室装监控近十年,241012
2023-03-26 09:20:43,12,哈尔滨一居民小区内发生爆炸,237284
2023-03-26 09:20:43,13,周深真的很想逃,228925
2023-03-26 09:20:43,14,张译包场张颂文的新电影,206453
2023-03-26 09:20:43,15,住杭州豪宅的人每天多工作38分钟,206413
2023-03-26 09:20:43,16,李现扶完迪丽热巴扶杨紫,206077
2023-03-26 09:20:43,17,陆虎反正都是我巡演,205973
2023-03-26 09:20:43,18,一张照片留住春天,205743
2023-03-26 09:20:43,19,明星微博之夜下班随拍,205362
2023-03-26 09:20:43,20,苏州医生在湖南培训顺手救人,205176
2023-03-26 09:20:43,21,2岁萌娃给民警指路全靠默契,205075
2023-03-26 09:20:43,22,肖战跑着下班,204693
2023-03-26 09:20:43,23,只有妈妈会解读你的表情包,204520
2023-03-26 09:20:43,24,原来真的有猫会后空翻,204240
2023-03-26 09:20:43,25,胡歌微博King,204027
2023-03-26 09:20:43,26,这在传单界都是难以拒绝的,203825
2023-03-26 09:20:43,27,85花同台,203742
2023-03-26 09:20:43,28,杨幂刘诗诗牵手上台,203382
2023-03-26 09:20:43,29,女子取钱后账户却莫名进账,203137
2023-03-26 09:20:43,30,大学最后悔学的专业是什么,202980
2023-03-26 09:20:43,31,微博之夜荣誉名单,202857
2023-03-26 09:20:43,32,wink状态,202469
2023-03-26 09:20:43,33,谷爱凌好可爱,202350
2023-03-26 09:20:43,34,关晓彤 下班跑得快已到机场,201967
2023-03-26 09:20:43,35,笑容逐渐消失的狗子,201861
2023-03-26 09:20:43,36,张大大以主持人身份加盟剧好听的歌,201538
2023-03-26 09:20:43,37,邓超分口香糖,201344
2023-03-26 09:20:43,38,黄蜂战胜独行侠,201092
2023-03-26 09:20:43,39,警方通报女子遭多名男子殴打,201011
2023-03-26 09:20:43,40,微博之夜百花齐放,200682
2023-03-26 09:20:43,41,宣璐簪花妆,200444
2023-03-26 09:20:43,42,古巨基加盟剧好听的歌,200358
2023-03-26 09:20:43,43,突然收到高中同学的一封邮件,200019
2023-03-26 09:20:43,44,微博之夜,199745
2023-03-26 09:20:43,45,郑容和当林俊杰演唱会嘉宾,199608
2023-03-26 09:20:43,46,章昊三公舞台,199340
2023-03-26 09:20:43,47,长空之王恭喜王一博获奖,199187
2023-03-26 09:20:43,48,毛不易演唱会,199015
2023-03-26 09:33:38,1,洪都拉斯宣布与台湾断绝外交关系,3508720
2023-03-26 09:33:38,2,中华小当家原型去世,902094
2023-03-26 09:33:38,3,读懂中国式现代化,780972
2023-03-26 09:33:38,4,赵灵儿李逍遥的十年之约,769166
2023-03-26 09:33:38,5,因航班延误缺考复试考研生崩溃大哭,724592
2023-03-26 09:33:38,6,杨丞琳去了李荣浩演唱会,629968
2023-03-26 09:33:38,7,刘亦菲微博Queen,551491
2023-03-26 09:33:38,8,当事人回应因航班延误缺考研究生复试,414916
2023-03-26 09:33:38,9,离职最后一天还被安排工作,376755
2023-03-26 09:33:38,10,微博之夜合照,333363
2023-03-26 09:33:38,11,公司女更衣室装监控近十年,288436
2023-03-26 09:33:38,12,哈尔滨一居民小区内发生爆炸,243885
2023-03-26 09:33:38,13,周深真的很想逃,229510
2023-03-26 09:33:38,14,张译包场张颂文的新电影,214972
2023-03-26 09:33:38,15,苏州医生在湖南培训顺手救人,214146
2023-03-26 09:33:38,16,李现扶完迪丽热巴扶杨紫,211872
2023-03-26 09:33:38,17,宣璐簪花妆,209786
2023-03-26 09:33:38,18,陆虎反正都是我巡演,205305
2023-03-26 09:33:38,19,肖战跑着下班,202981
2023-03-26 09:33:38,20,住杭州豪宅的人每天多工作38分钟,201645
2023-03-26 09:33:38,21,2岁萌娃给民警指路全靠默契,200181
2023-03-26 09:33:38,22,明星微博之夜下班随拍,200168
2023-03-26 09:33:38,23,只有妈妈会解读你的表情包,200113
2023-03-26 09:33:38,24,原来真的有猫会后空翻,200022
2023-03-26 09:33:38,25,胡歌微博King,199996
2023-03-26 09:33:38,26,这在传单界都是难以拒绝的,199933
2023-03-26 09:33:38,27,一张照片留住春天,199873
2023-03-26 09:33:38,28,杨幂刘诗诗牵手上台,199805
2023-03-26 09:33:38,29,女子取钱后账户却莫名进账,199771
2023-03-26 09:33:38,30,大学最后悔学的专业是什么,199694
2023-03-26 09:33:38,31,微博之夜荣誉名单,199613
2023-03-26 09:33:38,32,wink状态,199593
2023-03-26 09:33:38,33,笑容逐渐消失的狗子,199506
2023-03-26 09:33:38,34,关晓彤 下班跑得快已到机场,199484
2023-03-26 09:33:38,35,黄蜂战胜独行侠,199411
2023-03-26 09:33:38,36,张大大以主持人身份加盟剧好听的歌,199342
2023-03-26 09:33:38,37,邓超分口香糖,199259
2023-03-26 09:33:38,38,郑容和当林俊杰演唱会嘉宾,199249
2023-03-26 09:33:38,39,警方通报女子遭多名男子殴打,199184
2023-03-26 09:33:38,40,微博之夜百花齐放,199103
2023-03-26 09:33:38,41,古巨基加盟剧好听的歌,199078
2023-03-26 09:33:38,42,章昊三公舞台,199021
2023-03-26 09:33:38,43,微博之夜,198963
2023-03-26 09:33:38,44,毛不易演唱会,198879
2023-03-26 09:33:38,45,郑钦文晋级,198834
2023-03-26 09:33:38,46,痛仰 深圳,198787
2023-03-26 09:33:38,47,突然收到高中同学的一封邮件,198733
2023-03-26 09:33:38,48,青岛AR灯光秀之夜,198664
2023-03-26 09:37:49,1,洪都拉斯宣布与台湾断绝外交关系,3695550
2023-03-26 09:37:49,2,中华小当家原型去世,893911
2023-03-26 09:37:49,3,读懂中国式现代化,818849
2023-03-26 09:37:49,4,赵灵儿李逍遥的十年之约,805833
2023-03-26 09:37:49,5,因航班延误缺考复试考研生崩溃大哭,773334
2023-03-26 09:37:49,6,杨丞琳去了李荣浩演唱会,656879
2023-03-26 09:37:49,7,刘亦菲微博Queen,621599
2023-03-26 09:37:49,8,当事人回应因航班延误缺考研究生复试,416751
2023-03-26 09:37:49,9,离职最后一天还被安排工作,366179
2023-03-26 09:37:49,10,微博之夜合照,349485
2023-03-26 09:37:49,11,公司女更衣室装监控近十年,292801
2023-03-26 09:37:49,12,哈尔滨一居民小区内发生爆炸,233695
2023-03-26 09:37:49,13,周深真的很想逃,232100
2023-03-26 09:37:49,14,张译包场张颂文的新电影,229748
2023-03-26 09:37:49,15,苏州医生在湖南培训顺手救人,229669
2023-03-26 09:37:49,16,李现扶完迪丽热巴扶杨紫,228900
2023-03-26 09:37:49,17,宣璐簪花妆,228361
2023-03-26 09:37:49,18,陆虎反正都是我巡演,228095
2023-03-26 09:37:49,19,肖战跑着下班,227756
2023-03-26 09:37:49,20,住杭州豪宅的人每天多工作38分钟,226884
2023-03-26 09:37:49,21,原来真的有猫会后空翻,226661
2023-03-26 09:37:49,22,明星微博之夜下班随拍,226052
2023-03-26 09:37:49,23,2岁萌娃给民警指路全靠默契,225351
2023-03-26 09:37:49,24,只有妈妈会解读你的表情包,224901
2023-03-26 09:37:49,25,胡歌微博King,224425
2023-03-26 09:37:49,26,这在传单界都是难以拒绝的,224154
2023-03-26 09:37:49,27,谷爱凌好可爱,223651
2023-03-26 09:37:49,28,杨幂刘诗诗牵手上台,223004
2023-03-26 09:37:49,29,一张照片留住春天,222839
2023-03-26 09:37:49,30,女子取钱后账户却莫名进账,222010
2023-03-26 09:37:49,31,微博之夜荣誉名单,221751
2023-03-26 09:37:49,32,大学最后悔学的专业是什么,220968
2023-03-26 09:37:49,33,wink状态,220812
2023-03-26 09:37:49,34,关晓彤 下班跑得快已到机场,220092
2023-03-26 09:37:49,35,黄蜂战胜独行侠,219657
2023-03-26 09:37:49,36,李宇春说今年会开演唱会,219193
2023-03-26 09:37:49,37,邓超分口香糖,218834
2023-03-26 09:37:49,38,笑容逐渐消失的狗子,218275
2023-03-26 09:37:49,39,突然收到高中同学的一封邮件,217861
2023-03-26 09:37:49,40,微博之夜百花齐放,217189
2023-03-26 09:37:49,41,张大大以主持人身份加盟剧好听的歌,216554
2023-03-26 09:37:49,42,郑容和当林俊杰演唱会嘉宾,216052
2023-03-26 09:37:49,43,微博之夜,215842
2023-03-26 09:37:49,44,警方通报女子遭多名男子殴打,215041
2023-03-26 09:37:49,45,郑钦文晋级,214690
2023-03-26 09:37:49,46,王鹤棣虞书欣白鹿修罗场,214458
2023-03-26 09:37:49,47,古巨基加盟剧好听的歌,214457
2023-03-26 09:37:49,48,毛不易演唱会,214415
2023-03-26 09:37:49,49,长空之王恭喜王一博获奖,214402
2023-03-26 09:41:54,1,洪都拉斯宣布与台湾断绝外交关系,3695341
2023-03-26 09:41:54,2,中华小当家原型去世,891640
2023-03-26 09:41:54,3,读懂中国式现代化,823924
2023-03-26 09:41:54,4,赵灵儿李逍遥的十年之约,812258
2023-03-26 09:41:54,5,因航班延误缺考复试考研生崩溃大哭,767682
2023-03-26 09:41:54,6,杨丞琳去了李荣浩演唱会,651822
2023-03-26 09:41:54,7,刘亦菲微博Queen,580825
2023-03-26 09:41:54,8,当事人回应因航班延误缺考研究生复试,408622
2023-03-26 09:41:54,9,离职最后一天还被安排工作,346660
2023-03-26 09:41:54,10,微博之夜合照,338675
2023-03-26 09:41:54,11,公司女更衣室装监控近十年,305244
2023-03-26 09:41:54,12,哈尔滨一居民小区内发生爆炸,227737
2023-03-26 09:41:54,13,周深真的很想逃,227286
2023-03-26 09:41:54,14,张译包场张颂文的新电影,225136
2023-03-26 09:41:54,15,苏州医生在湖南培训顺手救人,224844
2023-03-26 09:41:54,16,明星微博之夜下班随拍,218164
2023-03-26 09:41:54,17,宣璐簪花妆,216270
2023-03-26 09:41:54,18,李宇春说今年会开演唱会,209343
2023-03-26 09:41:54,19,李现扶完迪丽热巴扶杨紫,203994
2023-03-26 09:41:54,20,住杭州豪宅的人每天多工作38分钟,200027
2023-03-26 09:41:54,21,2岁萌娃给民警指路全靠默契,199578
2023-03-26 09:41:54,22,肖战跑着下班,198708
2023-03-26 09:41:54,23,原来真的有猫会后空翻,194708
2023-03-26 09:41:54,24,只有妈妈会解读你的表情包,194648
2023-03-26 09:41:54,25,胡歌微博King,194624
2023-03-26 09:41:54,26,这在传单界都是难以拒绝的,194559
2023-03-26 09:41:54,27,一张照片留住春天,194461
2023-03-26 09:41:54,28,杨幂刘诗诗牵手上台,194420
2023-03-26 09:41:54,29,女子取钱后账户却莫名进账,194328
2023-03-26 09:41:54,30,大学最后悔学的专业是什么,194236
2023-03-26 09:41:54,31,微博之夜荣誉名单,194190
2023-03-26 09:41:54,32,85花同台,194122
2023-03-26 09:41:54,33,wink状态,194055
2023-03-26 09:41:54,34,关晓彤 下班跑得快已到机场,193939
2023-03-26 09:41:54,35,黄蜂战胜独行侠,193879
2023-03-26 09:41:54,36,陆虎反正都是我巡演,193785
2023-03-26 09:41:54,37,微博之夜百花齐放,193710
2023-03-26 09:41:54,38,笑容逐渐消失的狗子,193652
2023-03-26 09:41:54,39,突然收到高中同学的一封邮件,193606
2023-03-26 09:41:54,40,邓超分口香糖,193524
2023-03-26 09:41:54,41,张大大以主持人身份加盟剧好听的歌,193489
2023-03-26 09:41:54,42,郑容和当林俊杰演唱会嘉宾,193362
2023-03-26 09:41:54,43,微博之夜,193342
2023-03-26 09:41:54,44,谷爱凌好可爱,193263
2023-03-26 09:41:54,45,章昊三公舞台,193200
2023-03-26 09:41:54,46,王鹤棣虞书欣白鹿修罗场,193080
2023-03-26 09:41:54,47,古巨基加盟剧好听的歌,193052
2023-03-26 09:41:54,48,警方通报女子遭多名男子殴打,192936
2023-03-26 09:45:59,1,洪都拉斯宣布与台湾断绝外交关系,3930199
2023-03-26 09:45:59,2,中华小当家原型去世,876226
2023-03-26 09:45:59,3,读懂中国式现代化,742597
2023-03-26 09:45:59,4,赵灵儿李逍遥的十年之约,738641
2023-03-26 09:45:59,5,因航班延误缺考复试考研生崩溃大哭,732248
2023-03-26 09:45:59,6,杨丞琳去了李荣浩演唱会,666317
2023-03-26 09:45:59,7,刘亦菲微博Queen,564192
2023-03-26 09:45:59,8,当事人回应因航班延误缺考研究生复试,399861
2023-03-26 09:45:59,9,离职最后一天还被安排工作,330995
2023-03-26 09:45:59,10,微博之夜合照,324183
2023-03-26 09:45:59,11,公司女更衣室装监控近十年,312115
2023-03-26 09:45:59,12,云南省考,269692
2023-03-26 09:45:59,13,肖战跑着下班,251802
2023-03-26 09:45:59,14,张译包场张颂文的新电影,222025
2023-03-26 09:45:59,15,哈尔滨一居民小区内发生爆炸,219426
2023-03-26 09:45:59,16,周深真的很想逃,219413
2023-03-26 09:45:59,17,宣璐簪花妆,219356
2023-03-26 09:45:59,18,李宇春说今年会开演唱会,219276
2023-03-26 09:45:59,19,胡歌微博King,219216
2023-03-26 09:45:59,20,苏州医生在湖南培训顺手救人,219108
2023-03-26 09:45:59,21,不同的赛场中国队都在拼,219031
2023-03-26 09:45:59,22,明星微博之夜下班随拍,219029
2023-03-26 09:45:59,23,2岁萌娃给民警指路全靠默契,218899
2023-03-26 09:45:59,24,原来真的有猫会后空翻,218857
2023-03-26 09:45:59,25,杨幂刘诗诗牵手上台,218799
2023-03-26 09:45:59,26,李现扶完迪丽热巴扶杨紫,218736
2023-03-26 09:45:59,27,只有妈妈会解读你的表情包,218639
2023-03-26 09:45:59,28,住杭州豪宅的人每天多工作38分钟,218617
2023-03-26 09:45:59,29,微博之夜荣誉名单,218553
2023-03-26 09:45:59,30,这在传单界都是难以拒绝的,218477
2023-03-26 09:45:59,31,女子取钱后账户却莫名进账,218419
2023-03-26 09:45:59,32,关晓彤 下班跑得快已到机场,218311
2023-03-26 09:45:59,33,一张照片留住春天,218265
2023-03-26 09:45:59,34,大学最后悔学的专业是什么,218207
2023-03-26 09:45:59,35,微博之夜百花齐放,218153
2023-03-26 09:45:59,36,陆虎反正都是我巡演,218070
2023-03-26 09:45:59,37,wink状态,218016
2023-03-26 09:45:59,38,邓超分口香糖,217918
2023-03-26 09:45:59,39,黄蜂战胜独行侠,217884
2023-03-26 09:45:59,40,笑容逐渐消失的狗子,217806
2023-03-26 09:45:59,41,微博之夜,217762
2023-03-26 09:45:59,42,张大大以主持人身份加盟剧好听的歌,217700
2023-03-26 09:45:59,43,蔡徐坤扔墨镜,217635
2023-03-26 09:45:59,44,王鹤棣虞书欣白鹿修罗场,217570
2023-03-26 09:45:59,45,郑容和当林俊杰演唱会嘉宾,217527
2023-03-26 09:45:59,46,突然收到高中同学的一封邮件,217471
2023-03-26 09:45:59,47,章昊三公舞台,217380
2023-03-26 09:45:59,48,警方通报女子遭多名男子殴打,217289
2023-03-26 09:45:59,49,郑钦文晋级,217214
2023-03-26 09:50:10,1,洪都拉斯宣布与台湾断绝外交关系,3816848
2023-03-26 09:50:10,2,中华小当家原型去世,855493
2023-03-26 09:50:10,3,读懂中国式现代化,681248
2023-03-26 09:50:10,4,赵灵儿李逍遥的十年之约,680826
2023-03-26 09:50:10,5,杨丞琳去了李荣浩演唱会,680152
2023-03-26 09:50:10,6,因航班延误缺考复试考研生崩溃大哭,672347
2023-03-26 09:50:10,7,微博之夜合照,588765
2023-03-26 09:50:10,8,当事人回应因航班延误缺考研究生复试,385462
2023-03-26 09:50:10,9,云南省考,352008
2023-03-26 09:50:10,10,刘亦菲微博Queen,343495
2023-03-26 09:50:10,11,离职最后一天还被安排工作,324519
2023-03-26 09:50:10,12,公司女更衣室装监控近十年,312362
2023-03-26 09:50:10,13,肖战跑着下班,312223
2023-03-26 09:50:10,14,张译包场张颂文的新电影,312021
2023-03-26 09:50:10,15,哈尔滨一居民小区内发生爆炸,311863
2023-03-26 09:50:10,16,李现扶完迪丽热巴扶杨紫,311751
2023-03-26 09:50:10,17,宣璐簪花妆,311521
2023-03-26 09:50:10,18,苏州医生在湖南培训顺手救人,311207
2023-03-26 09:50:10,19,周深真的很想逃,311156
2023-03-26 09:50:10,20,住杭州豪宅的人每天多工作38分钟,310959
2023-03-26 09:50:10,21,不同的赛场中国队都在拼,310773
2023-03-26 09:50:10,22,胡歌微博King,310464
2023-03-26 09:50:10,23,2岁萌娃给民警指路全靠默契,310280
2023-03-26 09:50:10,24,原来真的有猫会后空翻,310024
2023-03-26 09:50:10,25,明星微博之夜下班随拍,309865
2023-03-26 09:50:10,26,85花同台,309786
2023-03-26 09:50:10,27,只有妈妈会解读你的表情包,309567
2023-03-26 09:50:10,28,微博之夜荣誉名单,309412
2023-03-26 09:50:10,29,这在传单界都是难以拒绝的,309133
2023-03-26 09:50:10,30,女子取钱后账户却莫名进账,308854
2023-03-26 09:50:10,31,杨幂刘诗诗牵手上台,308714
2023-03-26 09:50:10,32,大学最后悔学的专业是什么,308515
2023-03-26 09:50:10,33,李宇春说今年会开演唱会,308361
2023-03-26 09:50:10,34,关晓彤 下班跑得快已到机场,308120
2023-03-26 09:50:10,35,一张照片留住春天,307902
2023-03-26 09:50:10,36,wink状态,307741
2023-03-26 09:50:10,37,邓超分口香糖,307665
2023-03-26 09:50:10,38,笑容逐渐消失的狗子,307381
2023-03-26 09:50:10,39,黄蜂战胜独行侠,307116
2023-03-26 09:50:10,40,微博之夜百花齐放,307098
2023-03-26 09:50:10,41,陆虎反正都是我巡演,303490
2023-03-26 09:50:10,42,张大大以主持人身份加盟剧好听的歌,302554
2023-03-26 09:50:10,43,微博之夜,302003
2023-03-26 09:50:10,44,突然收到高中同学的一封邮件,301908
2023-03-26 09:50:10,45,郑容和当林俊杰演唱会嘉宾,301778
2023-03-26 09:50:10,46,王鹤棣虞书欣白鹿修罗场,301485
2023-03-26 09:50:10,47,章昊三公舞台,301241
2023-03-26 09:50:10,48,毛不易演唱会,301151
2023-03-26 09:54:11,1,洪都拉斯宣布与台湾断绝外交关系,3714453
2023-03-26 09:54:11,2,中华小当家原型去世,859211
2023-03-26 09:54:11,3,读懂中国式现代化,729577
2023-03-26 09:54:11,4,赵灵儿李逍遥的十年之约,715765
2023-03-26 09:54:11,5,杨丞琳去了李荣浩演唱会,685572
2023-03-26 09:54:11,6,因航班延误缺考复试考研生崩溃大哭,654910
2023-03-26 09:54:11,7,微博之夜合照,562360
2023-03-26 09:54:11,8,云南省考,387829
2023-03-26 09:54:11,9,当事人回应因航班延误缺考研究生复试,374693
2023-03-26 09:54:11,10,刘亦菲微博Queen,354022
2023-03-26 09:54:11,11,离职最后一天还被安排工作,316651
2023-03-26 09:54:11,12,公司女更衣室装监控近十年,303316
2023-03-26 09:54:11,13,肖战跑着下班,303225
2023-03-26 09:54:11,14,张译包场张颂文的新电影,303114
2023-03-26 09:54:11,15,哈尔滨一居民小区内发生爆炸,303067
2023-03-26 09:54:11,16,周深真的很想逃,302950
2023-03-26 09:54:11,17,宣璐簪花妆,302900
2023-03-26 09:54:11,18,苏州医生在湖南培训顺手救人,302780
2023-03-26 09:54:11,19,李现扶完迪丽热巴扶杨紫,302654
2023-03-26 09:54:11,20,陆虎反正都是我巡演,302560
2023-03-26 09:54:11,21,不同的赛场中国队都在拼,302478
2023-03-26 09:54:11,22,胡歌微博King,302385
2023-03-26 09:54:11,23,2岁萌娃给民警指路全靠默契,302288
2023-03-26 09:54:11,24,原来真的有猫会后空翻,302192
2023-03-26 09:54:11,25,明星微博之夜下班随拍,302061
2023-03-26 09:54:11,26,住杭州豪宅的人每天多工作38分钟,301916
2023-03-26 09:54:11,27,只有妈妈会解读你的表情包,301881
2023-03-26 09:54:11,28,微博之夜荣誉名单,301767
2023-03-26 09:54:11,29,85花同台,301596
2023-03-26 09:54:11,30,这在传单界都是难以拒绝的,301523
2023-03-26 09:54:11,31,大学最后悔学的专业是什么,301453
2023-03-26 09:54:11,32,杨幂刘诗诗牵手上台,301297
2023-03-26 09:54:11,33,女子取钱后账户却莫名进账,301239
2023-03-26 09:54:11,34,一张照片留住春天,301130
2023-03-26 09:54:11,35,关晓彤 下班跑得快已到机场,301047
2023-03-26 09:54:11,36,wink状态,300946
2023-03-26 09:54:11,37,笑容逐渐消失的狗子,300839
2023-03-26 09:54:11,38,邓超分口香糖,300727
2023-03-26 09:54:11,39,黄蜂战胜独行侠,300600
2023-03-26 09:54:11,40,突然收到高中同学的一封邮件,300570
2023-03-26 09:54:11,41,微博之夜百花齐放,300479
2023-03-26 09:54:11,42,张大大以主持人身份加盟剧好听的歌,295012
2023-03-26 09:54:11,43,郑容和当林俊杰演唱会嘉宾,294591
2023-03-26 09:54:11,44,微博之夜,294453
2023-03-26 09:54:11,45,毛不易演唱会,243436
2023-03-26 09:54:11,46,章昊三公舞台,240035
2023-03-26 09:54:11,47,王鹤棣虞书欣白鹿修罗场,238242
2023-03-26 09:54:11,48,警方通报女子遭多名男子殴打,235759
2023-03-26 09:54:11,49,李宇春说今年会开演唱会,232947
2023-03-26 09:58:17,1,洪都拉斯宣布与台湾断绝外交关系,3408081
2023-03-26 09:58:17,2,中华小当家原型去世,874374
2023-03-26 09:58:17,3,读懂中国式现代化,719137
2023-03-26 09:58:17,4,赵灵儿李逍遥的十年之约,717051
2023-03-26 09:58:17,5,杨丞琳去了李荣浩演唱会,705767
2023-03-26 09:58:17,6,因航班延误缺考复试考研生崩溃大哭,654605
2023-03-26 09:58:17,7,刘亦菲微博Queen,651521
2023-03-26 09:58:17,8,云南省考,411581
2023-03-26 09:58:17,9,当事人回应因航班延误缺考研究生复试,368842
2023-03-26 09:58:17,10,微博之夜合照,350742
2023-03-26 09:58:17,11,离职最后一天还被安排工作,313751
2023-03-26 09:58:17,12,公司女更衣室装监控近十年,309191
2023-03-26 09:58:17,13,肖战跑着下班,309023
2023-03-26 09:58:17,14,张译包场张颂文的新电影,308972
2023-03-26 09:58:17,15,哈尔滨一居民小区内发生爆炸,308678
2023-03-26 09:58:17,16,周深真的很想逃,308566
2023-03-26 09:58:17,17,宣璐簪花妆,308363
2023-03-26 09:58:17,18,苏州医生在湖南培训顺手救人,308182
2023-03-26 09:58:17,19,李现扶完迪丽热巴扶杨紫,307930
2023-03-26 09:58:17,20,陆虎反正都是我巡演,307712
2023-03-26 09:58:17,21,不同的赛场中国队都在拼,307594
2023-03-26 09:58:17,22,明星微博之夜下班随拍,307319
2023-03-26 09:58:17,23,2岁萌娃给民警指路全靠默契,307239
2023-03-26 09:58:17,24,原来真的有猫会后空翻,306939
2023-03-26 09:58:17,25,胡歌微博King,306825
2023-03-26 09:58:17,26,只有妈妈会解读你的表情包,306558
2023-03-26 09:58:17,27,住杭州豪宅的人每天多工作38分钟,306456
2023-03-26 09:58:17,28,微博之夜荣誉名单,306102
2023-03-26 09:58:17,29,这在传单界都是难以拒绝的,305967
2023-03-26 09:58:17,30,大学最后悔学的专业是什么,305857
2023-03-26 09:58:17,31,杨幂刘诗诗牵手上台,305700
2023-03-26 09:58:17,32,女子取钱后账户却莫名进账,305453
2023-03-26 09:58:17,33,wink状态,305141
2023-03-26 09:58:17,34,关晓彤 下班跑得快已到机场,304985
2023-03-26 09:58:17,35,笑容逐渐消失的狗子,304921
2023-03-26 09:58:17,36,一张照片留住春天,304604
2023-03-26 09:58:17,37,邓超分口香糖,304512
2023-03-26 09:58:17,38,谷爱凌好可爱,304179
2023-03-26 09:58:17,39,黄蜂战胜独行侠,303978
2023-03-26 09:58:17,40,微博之夜,303958
2023-03-26 09:58:17,41,张大大以主持人身份加盟剧好听的歌,303316
2023-03-26 09:58:17,42,毛不易演唱会,303250
2023-03-26 09:58:17,43,微博之夜百花齐放,303248
2023-03-26 09:58:17,44,郑容和当林俊杰演唱会嘉宾,303158
2023-03-26 09:58:17,45,章昊三公舞台,303122
2023-03-26 09:58:17,46,王鹤棣虞书欣白鹿修罗场,302934
2023-03-26 09:58:17,47,痛仰 深圳,302850
2023-03-26 09:58:17,48,突然收到高中同学的一封邮件,302771
2023-03-26 10:02:23,1,洪都拉斯宣布与台湾断绝外交关系,3206278
2023-03-26 10:02:23,2,中华小当家原型去世,864914
2023-03-26 10:02:23,3,读懂中国式现代化,756809
2023-03-26 10:02:23,4,赵灵儿李逍遥的十年之约,749413
2023-03-26 10:02:23,5,杨丞琳去了李荣浩演唱会,734215
2023-03-26 10:02:23,6,因航班延误缺考复试考研生崩溃大哭,666019
2023-03-26 10:02:23,7,刘亦菲微博Queen,564366
2023-03-26 10:02:23,8,云南省考,427966
2023-03-26 10:02:23,9,当事人回应因航班延误缺考研究生复试,377017
2023-03-26 10:02:23,10,微博之夜合照,347521
2023-03-26 10:02:23,11,公司女更衣室装监控近十年,313012
2023-03-26 10:02:23,12,离职最后一天还被安排工作,297367
2023-03-26 10:02:23,13,周深真的很想逃,296955
2023-03-26 10:02:23,14,张译包场张颂文的新电影,295511
2023-03-26 10:02:23,15,哈尔滨一居民小区内发生爆炸,293500
2023-03-26 10:02:23,16,肖战跑着下班,292622
2023-03-26 10:02:23,17,宣璐簪花妆,291490
2023-03-26 10:02:23,18,陆虎反正都是我巡演,289923
2023-03-26 10:02:23,19,李现扶完迪丽热巴扶杨紫,288345
2023-03-26 10:02:23,20,苏州医生在湖南培训顺手救人,287248
2023-03-26 10:02:23,21,不同的赛场中国队都在拼,285569
2023-03-26 10:02:23,22,胡歌微博King,284618
2023-03-26 10:02:23,23,2岁萌娃给民警指路全靠默契,282664
2023-03-26 10:02:23,24,原来真的有猫会后空翻,281200
2023-03-26 10:02:23,25,明星微博之夜下班随拍,280880
2023-03-26 10:02:23,26,只有妈妈会解读你的表情包,278451
2023-03-26 10:02:23,27,住杭州豪宅的人每天多工作38分钟,277895
2023-03-26 10:02:23,28,微博之夜荣誉名单,276851
2023-03-26 10:02:23,29,这在传单界都是难以拒绝的,275340
2023-03-26 10:02:23,30,大学最后悔学的专业是什么,273075
2023-03-26 10:02:23,31,杨幂刘诗诗牵手上台,272201
2023-03-26 10:02:23,32,笑容逐渐消失的狗子,271272
2023-03-26 10:02:23,33,女子取钱后账户却莫名进账,269221
2023-03-26 10:02:23,34,关晓彤 下班跑得快已到机场,267576
2023-03-26 10:02:23,35,wink状态,266481
2023-03-26 10:02:23,36,张大大以主持人身份加盟剧好听的歌,264804
2023-03-26 10:02:23,37,邓超分口香糖,264190
2023-03-26 10:02:23,38,一张照片留住春天,262178
2023-03-26 10:02:23,39,黄蜂战胜独行侠,261616
2023-03-26 10:02:23,40,微博之夜百花齐放,260500
2023-03-26 10:02:23,41,毛不易演唱会,257882
2023-03-26 10:02:23,42,郑容和当林俊杰演唱会嘉宾,257179
2023-03-26 10:02:23,43,微博之夜,256354
2023-03-26 10:02:23,44,章昊三公舞台,254766
2023-03-26 10:02:23,45,痛仰 深圳,253406
2023-03-26 10:02:23,46,王鹤棣虞书欣白鹿修罗场,252387
2023-03-26 10:02:23,47,TF家族和你一起去做的第十九件事,252293
2023-03-26 10:02:23,48,突然收到高中同学的一封邮件,251973
2023-03-26 10:02:23,49,警方通报女子遭多名男子殴打,251829
2023-03-26 10:06:31,1,洪都拉斯宣布与台湾断绝外交关系,3022814
2023-03-26 10:06:31,2,中华小当家原型去世,860503
2023-03-26 10:06:31,3,读懂中国式现代化,818199
2023-03-26 10:06:31,4,赵灵儿李逍遥的十年之约,814638
2023-03-26 10:06:31,5,杨丞琳去了李荣浩演唱会,792473
2023-03-26 10:06:31,6,因航班延误缺考复试考研生崩溃大哭,619704
2023-03-26 10:06:31,7,刘亦菲微博Queen,549699
2023-03-26 10:06:31,8,云南省考,433144
2023-03-26 10:06:31,9,当事人回应因航班延误缺考研究生复试,366283
2023-03-26 10:06:31,10,微博之夜合照,345569
2023-03-26 10:06:31,11,公司女更衣室装监控近十年,318286
2023-03-26 10:06:31,12,离职最后一天还被安排工作,290068
2023-03-26 10:06:31,13,周深真的很想逃,289691
2023-03-26 10:06:31,14,张译包场张颂文的新电影,288940
2023-03-26 10:06:31,15,哈尔滨一居民小区内发生爆炸,288018
2023-03-26 10:06:31,16,肖战跑着下班,287159
2023-03-26 10:06:31,17,宣璐簪花妆,285943
2023-03-26 10:06:31,18,陆虎反正都是我巡演,285220
2023-03-26 10:06:31,19,李现扶完迪丽热巴扶杨紫,284647
2023-03-26 10:06:31,20,苏州医生在湖南培训顺手救人,283872
2023-03-26 10:06:31,21,2岁萌娃给民警指路全靠默契,282499
2023-03-26 10:06:31,22,胡歌微博King,281960
2023-03-26 10:06:31,23,不同的赛场中国队都在拼,281476
2023-03-26 10:06:31,24,原来真的有猫会后空翻,279856
2023-03-26 10:06:31,25,明星微博之夜下班随拍,279198
2023-03-26 10:06:31,26,只有妈妈会解读你的表情包,278461
2023-03-26 10:06:31,27,住杭州豪宅的人每天多工作38分钟,277822
2023-03-26 10:06:31,28,杨幂刘诗诗牵手上台,277005
2023-03-26 10:06:31,29,这在传单界都是难以拒绝的,276200
2023-03-26 10:06:31,30,大学最后悔学的专业是什么,275140
2023-03-26 10:06:31,31,微博之夜荣誉名单,273780
2023-03-26 10:06:31,32,wink状态,273117
2023-03-26 10:06:31,33,笑容逐渐消失的狗子,272173
2023-03-26 10:06:31,34,关晓彤 下班跑得快已到机场,271792
2023-03-26 10:06:31,35,女子取钱后账户却莫名进账,270897
2023-03-26 10:06:31,36,张大大以主持人身份加盟剧好听的歌,269977
2023-03-26 10:06:31,37,邓超分口香糖,269423
2023-03-26 10:06:31,38,一张照片留住春天,267814
2023-03-26 10:06:31,39,黄蜂战胜独行侠,267105
2023-03-26 10:06:31,40,微博之夜,266426
2023-03-26 10:06:31,41,毛不易演唱会,265810
2023-03-26 10:06:31,42,章昊三公舞台,264873
2023-03-26 10:06:31,43,微博之夜百花齐放,263552
2023-03-26 10:06:31,44,郑容和当林俊杰演唱会嘉宾,263258
2023-03-26 10:06:31,45,痛仰 深圳,261992
2023-03-26 10:06:31,46,王鹤棣虞书欣白鹿修罗场,261727
2023-03-26 10:06:31,47,TF家族和你一起去做的第十九件事,260949
2023-03-26 10:06:31,48,突然收到高中同学的一封邮件,260457
2023-03-26 10:06:31,49,警方通报女子遭多名男子殴打,259516
2023-03-26 10:10:33,1,洪都拉斯宣布与台湾断绝外交关系,2885814
2023-03-26 10:10:33,2,杨丞琳去了李荣浩演唱会,860121
2023-03-26 10:10:33,3,读懂中国式现代化,853303
2023-03-26 10:10:33,4,赵灵儿李逍遥的十年之约,853126
2023-03-26 10:10:33,5,中华小当家原型去世,849589
2023-03-26 10:10:33,6,因航班延误缺考复试考研生崩溃大哭,576049
2023-03-26 10:10:33,7,微博之夜合照,494539
2023-03-26 10:10:33,8,云南省考,387181
2023-03-26 10:10:33,9,当事人回应因航班延误缺考研究生复试,358480
2023-03-26 10:10:33,10,刘亦菲微博Queen,349255
2023-03-26 10:10:33,11,公司女更衣室装监控近十年,333190
2023-03-26 10:10:33,12,离职最后一天还被安排工作,270104
2023-03-26 10:10:33,13,肖战跑着下班,270014
2023-03-26 10:10:33,14,张译包场张颂文的新电影,269985
2023-03-26 10:10:33,15,哈尔滨一居民小区内发生爆炸,269823
2023-03-26 10:10:33,16,李现扶完迪丽热巴扶杨紫,269751
2023-03-26 10:10:33,17,陆虎反正都是我巡演,269584
